Club_Name,Recordings,Website,Email,Phone,Status
13Sports,17,https://www.13sports.com,info@13sports.com,,Success
London Welsh RFC,141,https://www.londonwelshrfc.com,jonathan.shankland@londonwelshrfc.co.uk,,Success
Lobos Rush,23,https://www.lobosrush.com,playsoccer@lobosrush.com,,Success
210 FC,84,https://www.210fc.com,justin.thompson@210fc.com,,Success
210FC,37,https://www.210fc.com,justin.thompson@210fc.com,,Success
2 de mayo,322,https://www.2demayo.com,comercial@2dmayo.com,,Success
3FCAcademy,87,https://www.3fcacademy.co.uk,3fcacademy@gmail.com,07896725657,Success
360TFT,77,https://www.360tft.com,admin@360tft.com,07926679298,Success
4CORNERSPORT,32,https://www.4cornersport.co.uk,4cornersportcontact@gmail.com,07802839457,Success
Next Level,77,https://www.nextlevel.com,info@nextlevel.com,,Success
Huima,225,https://www.huima.com,asiakaspalvelu@huima.com,,Success
Tampa Bay United,30,https://www.tampabay.com,custserv@tampabay.com,,Success
FCF,152,https://www.fcf.com,admin@telepathy.com,,Success
Abbeyfeale RFC,40,https://www.abbeyfealerfc.com,office@abbeyfealerfc.com,,Success
Abbey Gate College,42,https://www.abbeygatecollege.co.uk,admin@abbeygatecollege.co.uk,,Success
Aarhus Fremad,406,https://www.aarhusfremad.com,bestyrelse@aarhusfremad.com,,Success
3Lions FC,82,https://www.3lions.com,service@atom.com,,Success
Abingdon,34,https://www.abingdonfc.com,recruitment@abingdonfc4.org,,Success
Abingdon United,159,https://www.abingdonfc.com,recruitment@abingdonfc4.org,,Success
Abingdon United,29,https://www.abingdonfc.com,recruitment@abingdonfc4.org,,Success
Ablope,162,https://www.ablope.com,info@ablope.com,,Success
Abingdon,331,https://www.abingdonfc.com,recruitment@abingdonfc4.org,,Success
AFCL,17,https://www.afcl.com,info@afcl.com,,Success
A23,375,https://www.a23.com,info@a23.com,,Success
Abinsay FC,612,https://www.abinsay.com,name@domain.com,,Success
Academica SC,45,https://www.academicasc.com,info@academicasc.com,,Success
AFC,36,https://www.afc.co.uk,contact@afc.co.uk,,Success
AC Amager,29,https://www.acamager.com,nikolaj@acamager.com,,Success
AC Amager Academy,13,https://www.acamager.com,nikolaj@acamager.com,,Success
AC Amager,45,https://www.acamager.com,nikolaj@acamager.com,,Success
AAFP,198,https://www.aafp.com,aafp@aafp.org,,Success
AC Connecticut,15,https://www.acconnecticut.com,info@acconnecticut.com,,Success
AC Connecticut,355,https://www.acconnecticut.com,info@acconnecticut.com,,Success
A.C.D. A Seca,85,https://www.acdaseca.com,comunicacion@acdaseca.com,,Success
Accrington Wildcats,23,https://www.accringtonwildcats.co.uk,,07581845510,Success
ACE sports,20,https://www.acesports.com,info@acesports.com,,Success
Amir Cohen,61,https://www.amircohen.com,support@pixelunion.net,,Success
ACcoaching,75,https://www.accoaching.co.uk,info@accoaching.co.uk,,Success
LEON,188,https://www.leonfc.co.uk,info@leonfc.co.uk,07508243500,Success
Ackworth Girls FC,18,https://www.ackworthgirlsfc.com,,07498740063,Success
Accelerated Development,45,https://www.accelerateddevelopment.com,info@accelerateddevco.com,,Success
A.C. TRENTO,287,https://www.actrento.com,ufficiostampa@actrento.com,,Success
AC Salisbury,41,https://www.acsalisbury.com,acsalisbury@crownsportscenter.com,,Success
Pro Palazzolo,55,https://www.propalazzolo.com,segreteria@propalazzolo.com,,Success
ASC USA,59,https://www.ascusa.com,service@ascusa.com,,Success
Ackworth School,19,https://www.ackworthschool.com,admissions@ackworthschool.com,,Success
Addlestone F.C,108,https://www.addlestonefc.co.uk,contactus@lynefc.co.uk,,Success
Adam Wilkinson,286,https://www.adamwilkinson.com,office@impactmeasurement.net,,Success
Addison,23,https://www.addison.com,info@addison.com,,Success
ACSI,172,https://www.acsi.co.uk,info@acsi.eu,,Success
Springs,75,https://www.springs.co.uk,enquiries@springs.co.uk,,Success
ADCV,110,https://www.adcv.com,info@adcv.com,,Success
AD Esperanza,72,https://www.adesperanza.com,club@adesperanza.com,,Success
AC Taipei,160,https://www.actaipei.com,contact@actaipei.com,,Success
Adour Dax Basket,38,https://www.adourdaxbasket.com,adour-dax-basket@orange.fr,,Success
AFDA Leicester,60,https://www.lcfc.com,lcfchelp@lcfc.co.uk,,Success
AFC Crewe,87,https://www.afccrewe.com,press@nufan.co.uk,,Success
Afc Chelmsley,26,https://www.afcchelmsley.co.uk,club.admin@afcchelmsley.co.uk,,Success
AFC,23,https://www.afc.co.uk,contact@afc.co.uk,,Success
AFC,38,https://www.afc.co.uk,contact@afc.co.uk,,Success
AFC Liverpool,42,https://www.liverpoolfc.com,contactus@liverpoolfc.com,,Success
Profe,179,https://www.profe.com,info@profe.com,,Success
AFC Chilton,28,https://www.afcchilton.co.uk,info@afcchilton.co.uk,,Success
AFC Liverpool,46,https://www.liverpoolfc.com,contactus@liverpoolfc.com,,Success
AFC Knowsley,226,https://www.afcknowsley.co.uk,enquiries@afcknowsley.co.uk,,Success
AFC,10,https://www.afc.co.uk,contact@afc.co.uk,,Success
AFC Gnosall,85,https://www.afcgnosall.co.uk,afc.gnosall@gmail.com,,Success
Fillies,69,https://www.fillies.co.uk,info@fillies.co.uk,07590422538,Success
AFC DWS,89,https://www.afcdws.com,info@afcdws.com,,Success
AFC,88,https://www.afc.co.uk,contact@afc.co.uk,,Success
AFC,112,https://www.afc.co.uk,contact@afc.co.uk,,Success
AFC Bolton,91,https://www.afcbolton.co.uk,,07856754649,Success
AFC,78,https://www.afc.co.uk,contact@afc.co.uk,,Success
Afc Lewisham,30,https://www.afclewisham.com,afclewisham@outlook.com,07961852271,Success
AD Parla,30,https://www.adparla.com,oficina@adparla.com,,Success
AFC Lewisham,14,https://www.afclewisham.com,afclewisham@outlook.com,07961852271,Success
AFC Stoneham,426,https://www.afcstoneham.co.uk,chairman@afcstoneham.co.uk,,Success
AFC SOUTHGATE,36,https://www.afcsouthgate.com,info@afcsouthgate.com,,Success
AFC Varsity,99,https://www.afcvarsity.co.uk,info@afcvarsity.co.uk,,Success
Lightning,134,https://www.lightningfc.co.uk,contact@lightningfc.co.uk,,Success
AFC Sudbury,622,https://www.afcsudbury.co.uk,secretary@afcsudbury.co.uk,,Success
Eagles,20,https://www.eaglesfc.co.uk,londoneaglesfc@gmail.com,,Success
FC St. Pauls,263,https://www.stpaulsfc.co.uk,,07700842455,Success
Diamonds,28,https://www.diamonds.com,concierge@diamonds.com,,Success
AFC Leyton,200,https://www.afcleyton.co.uk,info@afcleyton.co.uk,,Success
AFL,164,https://www.aflfc.com,info@aflfc.org,,Success
agbcm,36,https://www.agbcm.com,duboisolivia@hotmail.com,,Success
Aggies FC,379,https://www.aggiesfc.com,info@mysite.com,,Success
Aggies FC,12,https://www.aggiesfc.com,info@mysite.com,,Success
Aggies FC,19,https://www.aggiesfc.com,info@mysite.com,,Success
Aghabullogue GAA,23,https://www.aghabulloguegaa.com,pro.aghabullogue.cork@gaa.ie,,Success
UTA,45,https://www.uta.com,cards@uta.com,,Success
Agile srl,11,https://www.agilesrl.com,segreteria@agilesrl.com,,Success
Afif,12,https://www.afiffc.com,afifclup@hotmail.com,,Success
Airdrie FC,59,https://www.airdriefc.com,,07710230775,Success
A.D PARLA,50,https://www.adparla.com,oficina@adparla.com,,Success
Afc,33,https://www.afc.co.uk,contact@afc.co.uk,,Success
AKS Lytham,10,https://www.akslytham.com,info@akslytham.com,,Success
AFC,145,https://www.afc.co.uk,contact@afc.co.uk,,Success
Albe FC,77,https://www.albe.com,sales@albe.com,,Success
AFC,38,https://www.afc.co.uk,contact@afc.co.uk,,Success
AGUILAS FC,21,https://www.aguilasfc.com,aguilasfcreedley@gmail.com,,Success
Alamein FC,319,https://www.alamein.com,marketing@alamein.com,,Success
Aguilas,56,https://www.aguilasfc.com,aguilasfcreedley@gmail.com,,Success
Akaw Sports,11,https://www.akawsports.com,info@akawsports.com,,Success
Alder FC,20,https://www.alderfc.com,alderfutbolclub@gmail.com,,Success
Alconbury Colts,79,https://www.alconburycolts.com,admin.assc@btconnect.com,,Success
Coach Alex,226,https://www.coachalex.com,coachalex@soccerlearningcenter.com,,Success
Alchemy,31,https://www.alchemy.com,press@alchemy.com,,Success
Albyn School,79,https://www.albynschool.co.uk,info@albynschool.org,,Success
Alexandra Park Football Club,30,https://www.alexandraparkfc.co.uk,apfcnews@gmail.com,,Success
Sheffield United Academy,2651,https://www.sheffieldfc.com,info@sheffieldfc.com,,Success
ALL4T,219,https://www.all4t.com,chris@all4t.com,,Success
Allbrads,443,https://www.allbrads.com,contacto@allbrads.com,,Success
Alexander,65,https://www.alexander.co.uk,info@alexander.co.uk,01618324841,Success
Alexander,544,https://www.alexander.co.uk,info@alexander.co.uk,01618324841,Success
Twins FC,79,https://www.twins.com,privacy@website.mlb.com,,Success
Al Hilal,30,https://www.alhilalfc.com,iraid@me.com,,Success
AFC,173,https://www.afc.co.uk,contact@afc.co.uk,,Success
Alliance Soccer Club,18,https://www.alliancesoccerclub.com,doc@alliancesoccerclub.com,,Success
Alliance Soccer Club,35,https://www.alliancesoccerclub.com,doc@alliancesoccerclub.com,,Success
All In FC,176,https://www.allinfc.com,mark.mackain@allinfc.com,,Success
Alliance Soccer Club,59,https://www.alliancesoccerclub.com,doc@alliancesoccerclub.com,,Success
Alliance Soccer Club,40,https://www.alliancesoccerclub.com,doc@alliancesoccerclub.com,,Success
Dawson,71,https://www.dawson.com,information@dawson.com,,Success
All-in,56,https://www.allinfc.com,mark.mackain@allinfc.com,,Success
ALL IN,14,https://www.allinfc.com,mark.mackain@allinfc.com,,Success
All In FC,20,https://www.allinfc.com,mark.mackain@allinfc.com,,Success
AFC,157,https://www.afc.co.uk,contact@afc.co.uk,,Success
ALL IN,143,https://www.allinfc.com,mark.mackain@allinfc.com,,Success
Alliance Soccer Club,14,https://www.alliancesoccerclub.com,doc@alliancesoccerclub.com,,Success
SF Glens,45,https://www.sfglens.com,info@sfglens.com,,Success
All-in FC,10,https://www.allinfc.com,mark.mackain@allinfc.com,,Success
AL IHSAAN FC,19,https://www.alihsaan.com,alihsaan.mu@gmail.com,,Success
Allerton FC,43,https://www.allertonfc.co.uk,allertonfootballclub@gmail.com,07599451890,Success
Alliance SC,49,https://www.alliancesc.co.uk,,01162795185,Success
ASH,37,https://www.ash.com,cs@ash.com,,Success
Alloa Athletic FC,55,https://www.alloa.com,alloa@alloa.fr,,Success
Basketball,169,https://www.basketball.com,amiller@hilcoglobal.com,,Success
Allscott Heath FC,110,https://www.allscottheathfc.com,support@webador.com,,Success
Allenwood,49,https://www.allenwood.co.uk,info@any-village.co.uk,,Success
Allen Gaels,94,https://www.allengaels.com,allengaelsgaa@gmail.com,,Success
All Sports 4 Kids,16,https://www.allsports4kids.com,contact@allsports4kids.com,,Success
Allegiant FC,21,https://www.allegiant.co.uk,helpdesk@allegiant-finance.co.uk,,Success
Alpha,55,https://www.alphafc.co.uk,admin@alphafc.co.uk,07956122207,Success
Alphen,90,https://www.alphen.com,webmaster@alphen.com,,Success
Ambush,146,https://www.ambushfc.com,ambushfcllc@gmail.com,,Success
AFC,44,https://www.afc.co.uk,contact@afc.co.uk,,Success
AFC,120,https://www.afc.co.uk,contact@afc.co.uk,,Success
Alpha,97,https://www.alphafc.co.uk,admin@alphafc.co.uk,07956122207,Success
Alpha,26,https://www.alphafc.co.uk,admin@alphafc.co.uk,07956122207,Success
Alta IF,26,https://www.altaif.co.uk,,01865736300,Success
Altarnun,37,https://www.altarnun.co.uk,info@any-village.co.uk,,Success
Alta IF,56,https://www.altaif.co.uk,,01865736300,Success
Altrincham hale fc,60,https://www.altrinchamhalefc.com,,07986382147,Success
Al Najma,202,https://www.alnajma.co.uk,info@alnajma.co.uk,,Success
ALTO ACADEMY,63,https://www.alto.com,care@alto.com,,Success
Altona city,14,https://www.altona.com,impallari@gmail.com,,Success
Alpharetta,138,https://www.alpharetta.com,info@alpharetta.com,,Success
Altona City,11,https://www.altona.com,impallari@gmail.com,,Success
Altona City,13,https://www.altona.com,impallari@gmail.com,,Success
altona city,11,https://www.altona.com,impallari@gmail.com,,Success
Altona,12,https://www.altona.com,impallari@gmail.com,,Success
Altona City,13,https://www.altona.com,impallari@gmail.com,,Success
Amaanah Lions,39,https://www.amaanahlions.com,richard@amaanahlions.org,,Success
ASM,16,https://www.asmfc.com,contact@asmfc.com,,Success
AFHS,50,https://www.afhs.co.uk,info@afhs.co.uk,,Success
AMA,31,https://www.ama.com,admin@telepathy.com,,Success
Amherst Soccer,71,https://www.amherstsoccer.com,girlstravel@amherstsoccer.com,,Success
Amherst Soccer,21,https://www.amherstsoccer.com,girlstravel@amherstsoccer.com,,Success
Amir,170,https://www.amir.com,info@amir.com,,Success
Ampthill RUFC,67,https://www.ampthillrufc.com,marketing@ampthillrufc.com,,Success
AMORA FC SAD,307,https://www.amorasad.com,contact@amorasad.com,,Success
AFC,52,https://www.afc.co.uk,contact@afc.co.uk,,Success
Longstone,45,https://www.longstone.com,info@longstone.com,,Success
Canterbury Academy,43,https://www.canterbury.com,care@canterbury.com,,Success
Andres,30,https://www.andres.com,hello@andres.com,,Success
Ancaster Legacy,83,https://www.ancasterlegacy.com,admin@ancasterlegacy.com,,Success
Americas FC,92,https://www.americas.co.uk,katrina@americas.co.uk,,Success
Vikings,10,https://www.vikings.com,hello@getstoryteller.com,,Success
andGO Sports,479,https://www.andgosports.com,admin@mail.com,,Success
Anderson High School,90,https://www.andersonhighschool.com,webmaster@andersonhighschool.com,,Success
Anstey Nomads,179,https://www.ansteynomads.com,bookings@ansteynomads.com,,Success
Angels FC,16,https://www.angels.com,privacy@website.mlb.com,,Success
Annan Rugby,44,https://www.annanrugby.com,contact@annanrfc.com,07981012659,Success
Emery,115,https://www.emery.com,team@emery.com,,Success
Angels United,54,https://www.angels.com,privacy@website.mlb.com,,Success
Angel FC,56,https://www.angel.com,support@angel.com,,Success
anthon,15,https://www.anthon.com,anthon@anthon.com,,Success
Animo FC,344,https://www.animo.com,info@animo.com,,Success
Animo FC,43,https://www.animo.com,info@animo.com,,Success
Annerley FC,192,https://www.annerleyfc.com,annerleyfc80th@gmail.com,,Success
APEA,159,https://www.apea.com,questions@apea.com,,Success
AOI Pro,237,https://www.aoipro.com,tech@aoipro.com,,Success
Anthony Wayne,58,https://www.anthonywayne.com,den@anthonywayne.com,,Success
Apex,259,https://www.apexfc.com,david@apexfc.com,,Success
Arbitrage,37,https://www.arbitrage.com,contact@arbitrage.com,,Success
Anoble,37,https://www.anoble.com,info@anoblelogistics.com,,Success
Arabian Falcons,35,https://www.arabianfalconsfc.com,info@arabianfalconsfc.com,,Success
ACS(I),85,https://www.acsi.co.uk,info@acsi.eu,,Success
Apex Fc,90,https://www.apexfc.com,david@apexfc.com,,Success
Anoble,177,https://www.anoble.com,info@anoblelogistics.com,,Success
Ardley United FC,65,https://www.ardley.com,info@ardley.com,,Success
Ardmore Rovers,78,https://www.ardmore.co.uk,info@ardmore.co.uk,,Success
Winton,135,https://www.winton.com,enquiries@winton.com,,Success
WTOC,33,https://www.wtoc.com,publicfile@wtoc.com,,Success
Archway,165,https://www.archway.com,info@archway.com,,Success
Ardmore,26,https://www.ardmore.co.uk,info@ardmore.co.uk,,Success
Aravaca CF,75,https://www.aravacacf.com,aravacaclubdefutbol@gmail.com,,Success
APA Poble Sec,97,https://www.apapoblesec.com,info@apapoblesec.com,,Success
AFC,287,https://www.afc.co.uk,contact@afc.co.uk,,Success
Pirates,52,https://www.pirates.com,privacy@website.mlb.com,,Success
Arlington Soccer,3947,https://www.arlingtonsoccer.com,info@arlingtonsoccer.com,,Success
ARIS FC,713,https://www.arisfc.com,info@arisfc.com,,Success
ARENAS CLUB,248,https://www.arenasclub.com,administracion@arenasclub.com,,Success
Aris,174,https://www.arisfc.com,info@arisfc.com,,Success
Arrows of Liberty,194,https://www.arrowsofliberty.com,arrowsofliberty@hotmail.com,,Success
Arlington,55,https://www.arlington.com,info@arlington.com,,Success
Arlington,95,https://www.arlington.com,info@arlington.com,,Success
Arlington,24,https://www.arlington.com,info@arlington.com,,Success
Arlington FC,104,https://www.arlington.com,info@arlington.com,,Success
Self,19,https://www.self.com,help@newyorker.com,,Success
Arbitrage,95,https://www.arbitrage.com,contact@arbitrage.com,,Success
Arnold Eagles FC,46,https://www.arnoldeagles.com,eben@eyebytes.com,,Success
Aris,103,https://www.arisfc.com,info@arisfc.com,,Success
Aris FC,53,https://www.aris.com,partnersupportdesk@aris.com,,Success
BIELLESE,119,https://www.biellese.com,,01965270026,Success
Ascension,60,https://www.ascensionfc.com,impallari@gmail.com,,Success
A.S.D. AMBROSIANA,66,https://www.asdambrosiana.com,info@asdambrosiana.com,,Success
ASC New Stars,129,https://www.ascnewstars.com,ascnewstars@gmail.com,,Success
Ascot Youth,166,https://www.ascot.com,will.aitkenhead@ascot.com,,Success
Calcio Brusaporto,103,https://www.calciobrusaporto.com,miae-mail@servizioe-mail.com,01704180163,Success
Asbury,58,https://www.asbury.com,marketing@asbury.com,,Success
A.S.D. CALCIO SARCEDO,24,https://www.asdcalciosarcedo.com,calciosarcedo@gmail.com,,Success
BIELLESE,17,https://www.biellese.com,,01965270026,Success
Ashmount Leigh FC,67,https://www.ashmountleighfc.co.uk,chairman.ashmountleighfc@gmail.com,07449177022,Success
Ashton Bears ARLFC,96,https://www.ashtonbearsarlfc.com,hello@ashtonbearsarlfc.com,,Success
A.S. Cittadella,196,https://www.ascittadella.com,,01317970240,Success
Ase Jnr Tigers,30,https://www.asejnrtigers.co.uk,asejnrtigers@gmail.com,,Success
ASD Cluentina Calcio,127,https://www.asdcluentinacalcio.com,info@ssmaceratese1922.it,,Success
ASK,19,https://www.askfc.com,sogoba3@gmail.com,,Success
Ashcott FC,84,https://www.ashcottfc.co.uk,welfare@ashcottfc.co.uk,,Success
ASG SA,129,https://www.asgsa.com,info@asg.es,,Success
Ash United FC,189,https://www.ash.com,cs@ash.com,,Success
AS Hunspach,122,https://www.ashunspach.com,outreforet.js@alsace.lgef.fr,,Success
Ashton United,145,https://www.ashtonfc.com,enquiries@ashtonfc.com,,Success
Ashton United,133,https://www.ashtonfc.com,enquiries@ashtonfc.com,,Success
ASM,46,https://www.asmfc.com,contact@asmfc.com,,Success
Ashton Town FC,180,https://www.ashtonfc.com,enquiries@ashtonfc.com,,Success
Afs vila de sitges,139,https://www.afsviladesitges.com,afsviladesitges@gmail.com,,Success
AS Montfortoise,22,https://www.asmontfortoise.com,as.montfort@orange.fr,,Success
Aspire2Be Coaching,35,https://www.aspire2becoaching.co.uk,enquiries@warksis.ac.uk,,Success
Aspire FC,60,https://www.aspirefc.com,martin@fcaspire.com,07984606124,Success
Aspire Academy,290,https://www.aspirefc.com,martin@fcaspire.com,07984606124,Success
Aspire,16,https://www.aspirefc.com,martin@fcaspire.com,07984606124,Success
Aspire FC,278,https://www.aspirefc.com,martin@fcaspire.com,07984606124,Success
Aspire,204,https://www.aspirefc.com,martin@fcaspire.com,07984606124,Success
As montchat Lyon,24,https://www.asmontchatlyon.com,contact@asmontchatlyon.com,,Success
Ascend,220,https://www.ascend.co.uk,readyto@ascend.co.uk,,Success
Ascend FC,47,https://www.ascend.co.uk,readyto@ascend.co.uk,,Success
AFC,114,https://www.afc.co.uk,contact@afc.co.uk,,Success
AS LUDRES,69,https://www.asludres.com,ludresas@meurtheetmoselle.lgef.fr,,Success
Aston Villa Foundation,152,https://www.avfc.co.uk,william.street@avfc.co.uk,,Success
ASTON VILLA WOMEN,1538,https://www.avfc.co.uk,william.street@avfc.co.uk,,Success
Aston Villa Academy,148,https://www.avfc.co.uk,william.street@avfc.co.uk,,Success
Astley and Tyldesley FC,271,https://www.astleyandtyldesleyfc.com,siellis81@google.com,,Success
Neumarkt,26,https://www.neumarkt.com,redaktion@neumarkt.com,,Success
ASV Jenesien,60,https://www.asvjenesien.com,sportvereinjenesien@gmail.com,01552730218,Success
ATBS,88,https://www.atbs.com,info@atbs.com,,Success
Atherton Town Football Club,93,https://www.atherton.com,raj@atherton.com,,Success
AC Independence,223,https://www.acindependence.com,info@acindependence.com,,Success
Feldthurns,50,https://www.feldthurns.com,info@klausen.it,,Success
Select Soccer,104,https://www.selectsoccer.co.uk,info@selectsoccer.co.uk,07966055740,Success
Pace Academy,134,https://www.pacefc.co.uk,clubsecretary@pacefc.co.uk,,Success
ATLANTIC UNITED PREMIER FC,144,https://www.atlanticpremier.com,jane@atlanticpremierproperties.com,,Success
AS Montis,92,https://www.asmontis.com,info@asmontis.com,,Success
AFC -,66,https://www.afc.co.uk,contact@afc.co.uk,,Success
Atherton Collieries,115,https://www.athertoncollieries.co.uk,rob@athertoncollieries.co.uk,,Success
Pachi,255,https://www.pachi.com,pachi@pachi.com,,Success
Auckland international football club,37,https://www.aucklandinternational.com,sales@aucklandinternational.com,,Success
Atletico Benidorm,31,https://www.atleticobenidorm.com,info@atleticobenidorm.com,,Success
Aurora FC,42,https://www.aurora.co.uk,generalenquiries@aurora.co.uk,,Success
Aurora FC,12,https://www.aurora.co.uk,generalenquiries@aurora.co.uk,,Success
Aurora FC,14,https://www.aurora.co.uk,generalenquiries@aurora.co.uk,,Success
Atomics Football,87,https://www.atomicsfootball.com,info@atomicsfootball.com,,Success
Aurora FC,309,https://www.aurora.co.uk,generalenquiries@aurora.co.uk,,Success
Aurora FC,54,https://www.aurora.co.uk,generalenquiries@aurora.co.uk,,Success
Atoms,17,https://www.atoms.com,support@atoms.com,,Success
Aurora Football Club,188,https://www.aurora.co.uk,generalenquiries@aurora.co.uk,,Success
Aurora Football Club,107,https://www.aurora.co.uk,generalenquiries@aurora.co.uk,,Success
Aurora FC,100,https://www.aurora.co.uk,generalenquiries@aurora.co.uk,,Success
ACTaipei,57,https://www.actaipei.com,contact@actaipei.com,,Success
Atletico Lusaka,428,https://www.atleticolusaka.com,info@atleticolusaka.com,,Success
Avion,32,https://www.avion.com,avionresearch@gmail.com,,Success
RUGBY,54,https://www.rugby.co.uk,webmaster@press.co.uk,,Success
Avondale FC,83,https://www.avondale.com,managementteam@avondale.com,,Success
Aylesbury Vale Dynamos,14,https://www.aylesburyvaledynamos.co.uk,infoavdfc@gmail.com,,Success
Aylesbury Vale Dynamos FC,96,https://www.aylesburyvaledynamos.co.uk,infoavdfc@gmail.com,,Success
Ayr United,75,https://www.ayr.com,ayrheads@ayr.com,,Success
ASSAF,14,https://www.assaf.co.uk,assaf@assaf.co.uk,,Success
Fusion,309,https://www.fusionfc.com,domain@webcraft.com,,Success
AZFC Select,86,https://www.azfcselect.com,info@azfcselect.com,,Success
AZFC Select,197,https://www.azfcselect.com,info@azfcselect.com,,Success
Azteca,30,https://www.aztecafc.com,aztecafc15@gmail.com,,Success
Aztlan,117,https://www.aztlan.com,info@indiantypefoundry.com,,Success
AYD,50,https://www.ayd.com,admin@telepathy.com,,Success
Ayd,13,https://www.ayd.com,admin@telepathy.com,,Success
AYD,36,https://www.ayd.com,admin@telepathy.com,,Success
AYD,43,https://www.ayd.com,admin@telepathy.com,,Success
Bablake,107,https://www.bablake.com,info.thegrange@csfoundation.org.uk,,Success
AYD,13,https://www.ayd.com,admin@telepathy.com,,Success
AYD,26,https://www.ayd.com,admin@telepathy.com,,Success
BA Baracus Rugby Football Club,21,https://www.babaracusrugby.com,info@babaracusrugby.com,,Success
UNITED SOUTH BAY,252,https://www.southbayfc.com,toaddress@email.com,,Success
United South Bay,30,https://www.southbayfc.com,toaddress@email.com,,Success
B93,62,https://www.b93.com,voluntary.action@dermarite.com,,Success
Baldivis Soccer Club,101,https://www.baldivissoccerclub.com,contact@baldivissoccerclub.com,,Success
Ball By Design,13,https://www.ballbydesign.com,bbdhoops@gmail.com,,Success
Balanced FC,104,https://www.balancedfc.co.uk,klee@balancedfc.co.uk,,Success
The Town,40,https://www.thefc.co.uk,hello@thefc.co.uk,,Success
Balham Ballers FC,503,https://www.balhamballers.com,info@balhamballers.com,,Success
Ballymote Gaa,37,https://www.ballymotegaa.com,kieran.tighe1@gmail.com,,Success
Ballymena_2s,31,https://www.ballymenaunitedfc.com,football@ballymenaunitedfc.com,,Success
Ballymena United FC Development,95,https://www.ballymenaunitedfc.com,football@ballymenaunitedfc.com,,Success
Ballymena United,132,https://www.ballymenaunitedfc.com,football@ballymenaunitedfc.com,,Success
Ballymena rfc,53,https://www.ballymenaunitedfc.com,football@ballymenaunitedfc.com,,Success
Ballymena Academy,30,https://www.ballymenaunitedfc.com,football@ballymenaunitedfc.com,,Success
Ballymena Academy Hockey Club,20,https://www.ballymenaunitedfc.com,football@ballymenaunitedfc.com,,Success
Ballymac GAA,122,https://www.ballymacgaa.com,edward.stack@mail.com,,Success
Ballymena Academy Grammar School,63,https://www.ballymenaunitedfc.com,football@ballymenaunitedfc.com,,Success
Balonmano Dominicos,87,https://www.balonmanodominicos.com,administracion@balonmanodominicos.com,,Success
Ballyclare High,28,https://www.ballyclarehigh.co.uk,info@ballyclarehigh.ballyclare.ni.sch.uk,,Success
Ballyclare RFC,90,https://www.ballyclarerfc.co.uk,info@ballyclarerfc.co.uk,,Success
BSSC,410,https://www.bssc.com,comments@bssc.com,,Success
Ballers of London,10,https://www.ballersoflondon.co.uk,info@ballersoflondon.co.uk,,Success
Balmy Beach Rugby,25,https://www.balmybeachrugby.com,balmybeachjuniors@gmail.com,,Success
Ballykelly,27,https://www.ballykelly.com,vivek@telsamedia.com,,Success
Balzan FC,62,https://www.balzan.com,balzan@balzan.it,,Success
BALZAN FC ACADEMY,118,https://www.balzan.com,balzan@balzan.it,,Success
Banbridge Hockey Club,129,https://www.banbridgehockeyclub.com,info@banbridgehockeyclub.com,,Success
Bangkok Galaxy FC,530,https://www.bangkokgalaxyfc.com,info@bangkokgalaxyfc.com,,Success
Bangor Grammar School,16,https://www.bangorgrammarschool.com,info@bgs.bangor.ni.sch.uk,,Success
Wolfpack,178,https://www.wolfpack.com,support@wolfpack.com,,Success
Banwell FC,79,https://www.banwellfc.co.uk,secretary@banwellfc.co.uk,,Success
Bangor FC,306,https://www.bangorfc.com,company.secretary@bangorfc.com,,Success
Barnet Nightingales,23,https://www.barnetnightingalesfc.co.uk,secretary@barnetnightingalesfc.co.uk,,Success
Banstead Village,16,https://www.bansteadvillagefc.co.uk,bansteadvillagefc@gmail.com,,Success
Barford,45,https://www.barford.com,info@barford.com,,Success
Barnes Camera,98,https://www.barnescamera.com,barnesrl006@gmail.com,,Success
Barnet FC Academy,148,https://www.barnetfc.com,hivesafeguarding@thehivelondon.com,,Success
Bangor Hockey Club,33,https://www.bangorhockeyclub.com,juniorclub@bangorhockeyclub.com,,Success
BASA,29,https://www.basa.com,basamail@basa.com,,Success
Bancroft,54,https://www.bancroft.co.uk,sales@bancroft.co.uk,,Success
Basketball,11,https://www.basketball.com,amiller@hilcoglobal.com,,Success
Mustang,151,https://www.mustangfc.com,sales@mustangfc.com,,Success
BARONA,19,https://www.barona.com,info@barona.com,,Success
SB4U,169,https://www.sb4u.com,565474376@qq.com,,Success
Basing Royals,96,https://www.basingroyalsfc.co.uk,filler@godaddy.com,,Success
Bath Rugby,62,https://www.bathrugby.com,partnerships@bathrugby.com,,Success
Bath Rugby,26,https://www.bathrugby.com,partnerships@bathrugby.com,,Success
Barwell FC,136,https://www.barwell.com,info@barwell.com,,Success
Basketballscotland,447,https://www.basketballscotland.co.uk,j.waters@basketballscotland.co.uk,,Success
Akuma Sports,118,https://www.akumasports.com,,01676533320,Success
Battlefield,132,https://www.battlefield.com,privacy_policy@ea.com,,Success
Burlington,83,https://www.burlington.com,info@burlingtoninvestors.com,,Success
Carson,53,https://www.carsonfc.com,pres@carsonfc.org,,Success
Bayshore SC,153,https://www.bayshoresc.com,media.bayshoresc@gmail.com,,Success
Bangalore City Football Club,21,https://www.bangalore.co.uk,info@bangalore.co.uk,,Success
BRSC,145,https://www.brsc.com,info@brsc.com,,Success
BC Efferen,74,https://www.bcefferen.com,info@bcefferen.com,,Success
BRSC,64,https://www.brsc.com,info@brsc.com,,Success
BRSC,120,https://www.brsc.com,info@brsc.com,,Success
Be 7 Athletics,102,https://www.be7athletics.com,sports@be7athletics.com,,Success
BBL Elite,15,https://www.bblelite.com,luciano@latinotype.com,,Success
BRSC,103,https://www.brsc.com,info@brsc.com,,Success
BRSC,126,https://www.brsc.com,info@brsc.com,,Success
Western,118,https://www.westernfc.co.uk,vanhire@westernfc.co.uk,,Success
Bay Area United FC,33,https://www.bayarea.com,content@bayareanewsgroup.com,,Success
BCV,99,https://www.bcv.com,rgarg@baincapital.com,,Success
BC Rugby,110,https://www.bcrugby.com,info@bcrugby.com,,Success
BC Elite,15,https://www.bcelite.co.uk,services@bonchurchbc.com,,Success
BCH,13,https://www.bch.com,partners@bch.com,,Success
Beachside Soccer Club,188,https://www.beachsidesoccerclub.com,registrar@beachsideimpact.com,,Success
BYSC,141,https://www.bysc.co.uk,info@bysc.co.uk,07837379371,Success
Bedfont FC,67,https://www.bedfontfc.com,eben@eyebytes.com,,Success
Bedford Hockey Club,69,https://www.bedfordhockeyclub.com,,07939524883,Success
Bears,196,https://www.bearsfc.com,jun@bearsfc.com,,Success
Belsize Park,61,https://www.belsizeparkfc.com,belsizeparkfc@outlook.com,,Success
Rugby Academy,160,https://www.rugby.co.uk,webmaster@press.co.uk,,Success
Beltway Lacrosse,26,https://www.beltwaylacrosse.com,blx@beltwaylacrosse.com,,Success
Belmont Villa,129,https://www.belmontvilla.com,reservations@belmontvilla.com,,Success
bedford high school,18,https://www.bedfordhighschool.co.uk,techsupport@bedford.wigan.sch.uk,,Success
BHPP,257,https://www.bhpp.com,info@bhpp.com,,Success
Become Elite Soccer,242,https://www.becomeelitesoccer.com,info@becomeelitesoccer.com,,Success
Belfast,12,https://www.belfast.co.uk,info@belfast.co.uk,,Success
B-elite,15,https://www.belite.com,belitemed@gmail.com,,Success
Bellport,43,https://www.bellport.com,larry@bellport.com,,Success
Beaconsfield Town Football Club,71,https://www.beaconsfield.com,interet@beaconsfield.com,,Success
Ben Ely,277,https://www.benely.com,info@benely.com,,Success
Beragh Swifts,86,https://www.beraghswifts.com,beraghswifts@outlook.com,,Success
Benson,297,https://www.benson.com,you@benson.com,,Success
Benson Maduro,159,https://www.bensonmaduro.com,bensonmaduro@outlook.com,,Success
Benson,140,https://www.benson.com,you@benson.com,,Success
Bergdalen,99,https://www.bergdalen.com,pensionat.bergdalen@gmail.com,,Success
Berchem Brussels FC,18,https://www.berchembrusselsfc.com,inscriptions@berchembrussels.com,,Success
Bentworth,23,https://www.bentworth.com,info@bentworth.com,,Success
BeraBera,341,https://www.berabera.com,info@berabera.com,,Success
Berks United,178,https://www.berks.com,gtp@berks.com,,Success
Besseges,17,https://www.besseges.co.uk,orders@besseges.co.uk,,Success
Beyond physiotherapy,12,https://www.beyondphysiotherapy.com,,07504222173,Success
Berns,22,https://www.berns.co.uk,property@berns.co.uk,,Success
BSC,30,https://www.bsc.co.uk,help@bsc.co.uk,,Success
Big Game Youth League,193,https://www.biggameleague.com,richli.lm19@gmail.com,,Success
BHC,12,https://www.bhc.com,contact@thebhc.com,,Success
Billingham,34,https://www.billingham.com,info@billinghamusa.com,,Success
BSFC,61,https://www.bsfc.com,bsfc@bsfc.com,,Success
Bev Town,81,https://www.bev.com,admin@telepathy.com,,Success
Bev Town,130,https://www.bev.com,admin@telepathy.com,,Success
Big Fish FC,16,https://www.bigfish.co.uk,hello@bigfish.co.uk,,Success
Beverley RUFC,69,https://www.beverleyrufc.co.uk,events@beverleyrufc.co.uk,,Success
Black Hills Rapids,49,https://www.blackhillsrapids.com,info@blackhillsrapids.com,,Success
Birdville Hawks,181,https://www.birdvillehawks.com,info@birdvillehawks.com,,Success
Birkenhead School,100,https://www.birkenheadschool.co.uk,enquire@birkenheadschool.co.uk,,Success
Binswanger,21,https://www.binswanger.com,info@binswanger.com,,Success
BSFA,17,https://www.bsfa.co.uk,chair@bsfa.co.uk,,Success
Bilu Soccer,33,https://www.bilusoccer.com,info@bilusoccer.com,,Success
Rugby,18,https://www.rugby.co.uk,webmaster@press.co.uk,,Success
AFC,175,https://www.afc.co.uk,contact@afc.co.uk,,Success
Blackhall Gaels,98,https://www.blackhallgaels.com,secretary.blackhallgaels.meath@gaa.ie,,Success
Bisham FC,123,https://www.bisham.co.uk,webmaster@bisham.co.uk,,Success
Blackheath,59,https://www.blackheathfc.com,blackheathfc@gmail.com,,Success
Black Hills Rapids,17,https://www.blackhillsrapids.com,info@blackhillsrapids.com,,Success
Black Pearl,55,https://www.blackpearl.com,invest@blackpearlgroup.com,,Success
House,95,https://www.house.com,contact@house.com,,Success
BSCFC,63,https://www.bscfc.co.uk,info@bsfc.co.uk,,Success
Birmingham City,13,https://www.birmingham.com,birmingham@birmingham.com,,Success
Blackrock College,53,https://www.blackrockcollege.com,info@blackrockcollege.com,,Success
Blackthorn,31,https://www.blackthorn.com,contact@blackthorn.com,,Success
Birmingham City,589,https://www.birmingham.com,birmingham@birmingham.com,,Success
Birmingham United FC,75,https://www.birmingham.com,birmingham@birmingham.com,,Success
Blackmore Youth,75,https://www.blackmorefc.co.uk,info@blackmorefc.co.uk,,Success
BBFC,59,https://www.bbfc.co.uk,helpline@bbfc.co.uk,,Success
Bletchley,41,https://www.bletchley.com,astigma@astigmatic.com,,Success
Blaydon RFC,83,https://www.blaydonrfc.co.uk,contact@blaydonrfc.co.uk,,Success
Blue Devils,83,https://www.bluedevilsfc.com,admin@bluedevilsfc.com,,Success
BFT,25,https://www.bft.com,admin@telepathy.com,,Success
Bluffton Rush,23,https://www.blufftonrush.com,info@blufftonrush.com,,Success
Blue Crush,106,https://www.bluecrush.com,team@bluecrush.com,,Success
Bluffton Rush,14,https://www.blufftonrush.com,info@blufftonrush.com,,Success
Bluffton Rush,71,https://www.blufftonrush.com,info@blufftonrush.com,,Success
BOKA United,122,https://www.boka.com,hello@boka.com,,Success
B93,52,https://www.b93.com,voluntary.action@dermarite.com,,Success
Bonar Bridge,54,https://www.bonarbridgefc.co.uk,bonarbridgefc@gmail.com,,Success
Bo'ness United,148,https://www.boness.com,neil@boness.com,,Success
Bo’ness Athletic,44,https://www.boness.com,neil@boness.com,,Success
Bootle FC,16,https://www.bootlefc.com,media@bootlefootballclub.co.uk,,Success
Boreal FC,541,https://www.borealfc.com,admin@borealfc.com,,Success
Bootle FC,272,https://www.bootlefc.com,media@bootlefootballclub.co.uk,,Success
Bootle,220,https://www.bootlefc.com,media@bootlefootballclub.co.uk,,Success
Boroughmuir Rugby,135,https://www.boroughmuirrugby.co.uk,hello@boroughmuirsports.co.uk,,Success
Born to Play,159,https://www.borntoplay.com,hello@borntoplay.com,,Success
Boulder Rugby,45,https://www.boulderrugby.com,info@boulderrugby.com,,Success
Boston United,202,https://www.boston.com,tips@boston.com,,Success
BEC,86,https://www.bec.co.uk,sales@bec.co.uk,,Success
Bowers,608,https://www.bowers.com,ray@bowers.com,,Success
BVL,79,https://www.bvl.com,office@bvl.com,,Success
Boston United,10,https://www.boston.com,tips@boston.com,,Success
Bowers,50,https://www.bowers.com,ray@bowers.com,,Success
BGS,387,https://www.bgs.com,info@bgs.com,,Success
Bows Soccer Academy,424,https://www.bowssoccer.co.uk,info@bowssoccer.co.uk,07946042817,Success
William,40,https://www.william.com,info@strategy.com,,Success
Bowers & Pitsea,86,https://www.bowerspitseafc.co.uk,www.ricky@rjepropertyservices.com,,Success
Bowers,48,https://www.bowers.com,ray@bowers.com,,Success
BBS,207,https://www.bbs.com,sales.bbs@kwautomotive.de,,Success
Bowers & Pitsea FC,328,https://www.bowerspitseafc.co.uk,www.ricky@rjepropertyservices.com,,Success
Bournemouth Sports FC,25,https://www.bournemouthsportsfc.co.uk,secretary@bournemouthsportsfc.co.uk,,Success
Prosper Football,45,https://www.prosperfootball.com,info@prosperfootball.com,,Success
Bowie FC,26,https://www.bowie.com,bob@bowie.com,,Success
Bowie FC,151,https://www.bowie.com,bob@bowie.com,,Success
Boys Do Cry FC,20,https://www.boysdocry.co.uk,filler@godaddy.com,,Success
Bozeman Lacrosse,38,https://www.bozemanlacrosse.com,molly.pickall@gmail.com,,Success
Bradford Soccer,97,https://www.bradfordsoccer.com,operations@bradfordsoccer.com,,Success
Brackley RUFC,88,https://www.brackleyrufc.com,your@email.com,,Success
BOZ FC,19,https://www.boz.com,webmaster@boz.com,,Success
BRSC,66,https://www.brsc.com,info@brsc.com,,Success
Bow Fc,54,https://www.bowfc.com,jordi@bowfc.com,,Success
Brampton Soccer Club,44,https://www.bramptonsoccerclub.com,info@bramptonsoccer.com,,Success
Pirates,71,https://www.pirates.com,privacy@website.mlb.com,,Success
Bramley Phoenix,137,https://www.bramleyphoenix.co.uk,info@bramleyphoenixfc.com,,Success
Briarcrest,50,https://www.briarcrest.com,info@briarcrest.com,,Success
Briar United FC,27,https://www.briar.com,seth@briar.com,,Success
Brandon Park FC,55,https://www.brandonpark.co.uk,enquiries@stowhealthcare.co.uk,01842812400,Success
Braza FC,32,https://www.brazafc.com,info@brazafc.com,,Success
Brentwood,45,https://www.brentwood.com,info@brentwood.com,,Success
Brentwood Youth,17,https://www.brentwood.com,info@brentwood.com,,Success
Brentwood Town FC,57,https://www.brentwood.com,info@brentwood.com,,Success
Brentwood,30,https://www.brentwood.com,info@brentwood.com,,Success
Brentwood,74,https://www.brentwood.com,info@brentwood.com,,Success
Brighton Select Football,19,https://www.brightonselectfootball.co.uk,info@brightonselectfootball.co.uk,,Success
BSC Texas,69,https://www.bsctexas.com,nheffernan@bsctexas.com,,Success
Brigg town,199,https://www.brigg.com,cybermedia@sky.com,,Success
BKFC,43,https://www.bkfc.com,support@bkfcapp.com,,Success
Brigg Town FC,110,https://www.brigg.com,cybermedia@sky.com,,Success
Brighton SC,14,https://www.brightonsc.co.uk,info@brightonsc.co.uk,,Success
Brighton SC,461,https://www.brightonsc.co.uk,info@brightonsc.co.uk,,Success
Brighton College,325,https://www.brightoncollege.com,study@brightoncollege.com,,Success
BSC,28,https://www.bsc.co.uk,help@bsc.co.uk,,Success
Broadford Rovers Football Club,165,https://www.broadford.com,peter.wyatt@broadford.com,,Success
Quins,43,https://www.quins.com,info@quins.com,,Success
Broadford Rovers FC,21,https://www.broadford.com,peter.wyatt@broadford.com,,Success
Broadford,83,https://www.broadford.com,peter.wyatt@broadford.com,,Success
Brocks RFC,27,https://www.brocksrfc.com,,07931196617,Success
Broadheath Central,139,https://www.broadheathcentralfc.co.uk,admin@broadheathcentral.co.uk,,Success
Broady,335,https://www.broady.com,you@broady.com,,Success
Brocton,138,https://www.broctonfc.com,,07809462671,Success
Manor Farm,100,https://www.manorfarm.com,,07711010770,Success
Brocton,52,https://www.broctonfc.com,,07809462671,Success
Bromleians FC,51,https://www.bromleiansfc.co.uk,stevetingey@btinternet.com,,Success
Brocton,11,https://www.broctonfc.com,,07809462671,Success
Broadstreet RFC,45,https://www.broadstreetrfc.co.uk,equiries@broadstreetrfc.co.uk,,Success
Brooklyn United Academy,623,https://www.brooklynfc.com,josh@brooklynfc.com,,Success
BROOKLYN UNITED ACADEMY,26,https://www.brooklynfc.com,josh@brooklynfc.com,,Success
Behs,13,https://www.behs.com,mdarnell@behs.com,,Success
Brooklyn City FC,177,https://www.brooklynfc.com,josh@brooklynfc.com,,Success
Brook House FC,17,https://www.brookhousefc.co.uk,info@brookhousefc.co.uk,,Success
Brown Rugby,36,https://www.brownrugby.com,brown.men.rugby@gmail.com,,Success
Bryanston,259,https://www.bryanston.com,bryhigh@bryanston.com,,Success
Brookline,50,https://www.brookline.com,info@brookline.com,,Success
BRSC,299,https://www.brsc.com,info@brsc.com,,Success
BSC,1004,https://www.bscfc.co.uk,info@bsfc.co.uk,,Success
BTB Lacrosse,35,https://www.btblacrosse.com,behindthebacklacrosse@gmail.com,,Success
Buckingham United,227,https://www.buckinghamfc.co.uk,,07734395513,Success
Brora,85,https://www.brora.co.uk,customer.services@brora.co.uk,,Success
Buckland Athletic FC,157,https://www.buckland.com,marketing@buckland.com,,Success
Berks United,69,https://www.berks.com,gtp@berks.com,,Success
Bucharest Basketball Academy,38,https://www.bucharestbasketball.com,alex@thefunnybrand.com,,Success
Relentless,11,https://www.relentless.com,api-services-support@amazon.com,,Success
Burkina,25,https://www.burkina.com,ian108@earthlink.net,,Success
Burlington Football Club,13,https://www.burlington.com,info@burlingtoninvestors.com,,Success
Burnley College,11,https://www.burnleyfootballclub.com,hospitality@burnleyfc.com,07537404821,Success
Burnley FC,1280,https://www.burnleyfootballclub.com,hospitality@burnleyfc.com,07537404821,Success
Burnley FC in the Community,221,https://www.burnleyfootballclub.com,hospitality@burnleyfc.com,07537404821,Success
Burnley RUFC,20,https://www.burnleyfootballclub.com,hospitality@burnleyfc.com,07537404821,Success
Burnley Tornados,14,https://www.burnleyfootballclub.com,hospitality@burnleyfc.com,07537404821,Success
Burlington,38,https://www.burlington.com,info@burlingtoninvestors.com,,Success
Burraneer Rugby,102,https://www.burraneerrugby.com,burrarugby@outlook.com,,Success
Burnham Ramblers,36,https://www.burnhamramblersfc.co.uk,impallari@gmail.com,07736901799,Success
Bushey and Oxhey FC,82,https://www.busheyandoxheyfc.co.uk,sponsorship@busheyandoxheyfc.co.uk,,Success
Bursledon Youth FC,78,https://www.bursledon.com,villagehalladmin@bursledon.com,07883256734,Success
Cadence SFC,376,https://www.cadencesfc.com,admin@cadencesoccerfutsal.com,,Success
CADIZ CF,46,https://www.cadizcf.com,cadizcf@cadizcf.es,,Success
cabeza,87,https://www.cabeza.com,marketing@cabeza.com,,Success
Padova,119,https://www.padova.com,info@padova.com,,Success
Cabo,61,https://www.cabo.com,info@cabovillas.com,,Success
ROSSVALE,67,https://www.rossvalefc.com,rossvalebarca04@outlook.com,,Success
Cal Magic,13,https://www.calmagic.com,gerry@calmagic.com,,Success
Calcio Lecco 1912,255,https://www.calciolecco1912.com,aclecco@aclecco.it,,Success
BVW Academy,27,https://www.bvw.com,admin@telepathy.com,,Success
Calder United,124,https://www.calder.co.uk,sales@calder.co.uk,,Success
Calvary Day School,61,https://www.calvarydayschool.com,info@calvarydayschool.com,,Success
CalGlen FC,209,https://www.calglen.com,registrar@calglen.com,,Success
Cambo,321,https://www.cambo.com,info@cambo.com,,Success
Magic,33,https://www.magic.co.uk,hello@magic.co.uk,07593139729,Success
Cambridge Football,132,https://www.cambridgefootball.co.uk,info@cambridgefootball.co.uk,,Success
Campbell College,166,https://www.campbellcollege.com,info@campbellcollege.com,,Success
Cambridge Football,58,https://www.cambridgefootball.co.uk,info@cambridgefootball.co.uk,,Success
Campion fc,123,https://www.campion.com,info@campion.com,,Success
Cambridge South Hockey Club,84,https://www.cambridgesouthhockeyclub.co.uk,training@cambridgesouthhockeyclub.co.uk,,Success
Camas C.F.,45,https://www.camascf.com,secretaria@camascf.es,,Success
Canada First Academy,117,https://www.canadafirst.com,contact@canadafirst.com,,Success
Canfield Little Cardinals,33,https://www.canfieldlittlecardinals.com,canfieldmslc@gmail.com,,Success
Canfield Soccer,84,https://www.canfieldsoccer.com,canfield.soccer@canfieldschools.net,,Success
Canandaigua Academy,10,https://www.canandaigua.com,support@canandaigua.com,,Success
Canandaigua Academy,66,https://www.canandaigua.com,support@canandaigua.com,,Success
Cantabs,102,https://www.cantabs.co.uk,contact@cantabs.co.uk,,Success
Canterbury City FC,56,https://www.canterbury.com,care@canterbury.com,,Success
Camp Impact,57,https://www.campimpact.com,gocampimpact@gmail.com,,Success
CCA,32,https://www.cca.co.uk,enquiries@cca.co.uk,,Success
Canton Football Club,54,https://www.cantonfc.com,joshcantonfitness@gmail.com,,Success
Capel Plough,66,https://www.capelploughfc.co.uk,info@capelploughfc.co.uk,,Success
CCA,84,https://www.cca.co.uk,enquiries@cca.co.uk,,Success
capital community athletics,45,https://www.capitalcommunityathletics.com,hladine@www.capitalcommunityathletics.com,,Success
CCSA,28,https://www.ccsa.co.uk,admin@ccsa.co.uk,,Success
Carmarthen Quins RFC,14,https://www.carmarthenquinsrfc.co.uk,carmquinsrfc@gmail.com,,Success
Caragh,19,https://www.caragh.com,info@caragh.ie,,Success
Carmarthen Quins rfc,14,https://www.carmarthenquinsrfc.co.uk,carmquinsrfc@gmail.com,,Success
Cardinals,25,https://www.cardinals.com,privacy@website.mlb.com,,Success
CVFC,421,https://www.cvfc.co.uk,chatterleyvicsfc@gmail.com,,Success
Capital FC,746,https://www.capital.com,support@capital.com,,Success
Carryduff Colts FC,153,https://www.carryduffcolts.com,ciaran.bunting@carryduffcolts.com,,Success
Carrick Rugby Football Club,62,https://www.carrickrugby.co.uk,carrickrugby@gmail.com,,Success
Velocity,50,https://www.velocityfc.com,eben@eyebytes.com,,Success
Reading Veo,177,https://www.readingfc.co.uk,tlaw@readingfc.co.uk,,Success
Capital Elite FC,100,https://www.capitalelitefc.com,capitalelitefc@gmail.com,,Success
Cascade Christian,52,https://www.cascadechristian.com,office@cascadechristian.com,,Success
Casteel,156,https://www.casteel.co.uk,info@casteel.co.uk,07843020683,Success
Dynasty,55,https://www.dynastyfc.com,otorres@dynastyfc.com,,Success
Caterham Pumas,10,https://www.caterhampumas.co.uk,john.davidson1@sky.com,,Success
CBF School Boca,58,https://www.cbfschoolboca.com,contact@cbfschoolboca.com,,Success
Cathedral School,193,https://www.cathedralschool.co.uk,office@cathedralschool.essex.sch.uk,01245354459,Success
CC Soccer,456,https://www.ccsoccer.com,ccsoccer@ccsoccer.com,,Success
Castle United Youth,89,https://www.castle.co.uk,info@castle.co.uk,01513721234,Success
CDA Granadilla,35,https://www.cdagranadilla.com,cdagranadilla@gmail.com,,Success
Carshield FC,29,https://www.carshieldfc.com,info@carshieldfc.com,,Success
Gregory,192,https://www.gregory.co.uk,enquiries@gregory.co.uk,,Success
Castle,39,https://www.castle.co.uk,info@castle.co.uk,01513721234,Success
Cayman Rugby,66,https://www.caymanrugby.com,caroline.deegan@caymanrugby.com,,Success
C'Chartres Football,16,https://www.cchartresfootball.com,contact@cchartresfootball.com,,Success
Woolley's,62,https://www.woolleys.co.uk,,01734037071,Success
C.D. Berriz,98,https://www.cdberriz.com,jonpinhorn.typedesign@gmail.com,,Success
CDF CANET,119,https://www.cdfcanet.com,secretariacdfcanet@gmail.com,,Success
Carshield FC,130,https://www.carshieldfc.com,info@carshieldfc.com,,Success
CDC TORREFORTA,37,https://www.cdctorreforta.com,admin@cdctorreforta.com,,Success
CD Galea,66,https://www.cdgalea.com,contacto@cdgalea.com,,Success
Carshield FC,208,https://www.carshieldfc.com,info@carshieldfc.com,,Success
CD.OLIVER,93,https://www.cdoliver.com,cdoliver@cdoliver.com,,Success
Cd Oliver,11,https://www.cdoliver.com,cdoliver@cdoliver.com,,Success
CD Montefuerte,194,https://www.cdmontefuerte.com,montefuerte@hotmail.es,,Success
Cd Valladares,11,https://www.cdvalladares.com,web@cdvalladares.com,,Success
C.D. VALLADARES,189,https://www.cdvalladares.com,web@cdvalladares.com,,Success
cd victoria cf,65,https://www.cdvictoriacf.com,cdvictoriacf1960@gmail.com,,Success
CD Illescas,215,https://www.cdillescas.com,marketing@cdillescas.es,,Success
CDA. Slammers,67,https://www.cdaslammers.com,club@cdaslammers.com,,Success
CDA Slammers,77,https://www.cdaslammers.com,club@cdaslammers.com,,Success
CDT Pro,343,https://www.cdtpro.com,astigma@astigmatic.com,,Success
CD Estudiantil,131,https://www.cdestudiantil.com,info@cdestudiantil.com,,Success
CDA Slammers FC,123,https://www.cdaslammers.com,club@cdaslammers.com,,Success
C.D.E. AMISTAD,68,https://www.cdeamistad.com,info@cdeamistad.com,,Success
CDA Slammers FC,84,https://www.cdaslammers.com,club@cdaslammers.com,,Success
MONTE,13,https://www.monte.com,info@medienpalast.net,,Success
CD Galapagar,60,https://www.cdgalapagar.com,info@cdgalapagar.com,,Success
CDUP Rugby,18,https://www.cduprugby.com,email@email.com,,Success
Cedar Stars,47,https://www.cedarstars.com,north.tryouts@cedarstars.com,,Success
Cedar Stars Academy,16,https://www.cedarstars.com,north.tryouts@cedarstars.com,,Success
Cedar Stars,36,https://www.cedarstars.com,north.tryouts@cedarstars.com,,Success
CEDAR STARS,13,https://www.cedarstars.com,north.tryouts@cedarstars.com,,Success
Wildfire,52,https://www.wildfirefc.com,impallari@gmail.com,,Success
Central Carroll SC,100,https://www.centralcarrollsc.com,info@centralcarrollsc.com,,Success
Dynasty,80,https://www.dynastyfc.com,otorres@dynastyfc.com,,Success
CD ZAMORA FC,20,https://www.cdzamora.com,clinicadentalzamora@gmail.com,,Success
Central Jersey FA,355,https://www.centraljerseyfa.com,info@centraljerseyfa.com,,Success
Central Florida SC,186,https://www.centralfloridasc.com,info@centralfloridasc.com,,Success
Blue Devils,125,https://www.bluedevilsfc.com,admin@bluedevilsfc.com,,Success
CD LALIN,19,https://www.cdlalin.com,go88l.tv@gmail.com,,Success
Centro Sportivo Imbersago,365,https://www.centrosportivoimbersago.com,sportpirovano@virgilio.it,01460790967,Success
Ceres Earthquake FC,128,https://www.ceresearthquakefc.com,bolanoslaw@att.net,,Success
Ceres Rush,116,https://www.ceresrush.com,bolanoslaw@att.net,,Success
Central Valley,81,https://www.centralvalley.co.uk,support@centralvalley.co.uk,,Success
CCM,101,https://www.ccm.co.uk,info@ccm.co.uk,,Success
Central coast fc,24,https://www.centralcoast.com,mhull@hullinformation.com,,Success
Central Coast United,165,https://www.centralcoast.com,mhull@hullinformation.com,,Success
Central Coast United,91,https://www.centralcoast.com,mhull@hullinformation.com,,Success
CENTRAL OHIO ELITE,753,https://www.centralohioelite.com,info@centralohioelite.com,,Success
CFC Barcelona,191,https://www.cfcbarcelona.com,cfcbarna@gmail.com,,Success
CF Sant Feliu,467,https://www.cfsantfeliu.com,clubdefutbolsantfeliudeguixols@gmail.com,,Success
Clermont Football Club,58,https://www.clermontfc.com,info@clermontfc.com,,Success
CHAMBRAY FOOTBALL CLUB,34,https://www.chambray.com,advertiser@bestbrand.com,,Success
C.F. Amisport,102,https://www.cfamisport.com,cfamisport1974@gmail.com,,Success
Rocafonda,11,https://www.rocafonda.com,presupuesto@rocafonda.com,,Success
CfB,24,https://www.cfb.com,info@capitalforbusiness.com,,Success
Champions Youth Soccer League,89,https://www.championssoccerleague.com,contact@championssl.com,,Success
Champions FC,43,https://www.champions.co.uk,sales@champions.co.uk,,Success
Champions,54,https://www.champions.co.uk,sales@champions.co.uk,,Success
Charlotte Metro,71,https://www.charlottemetrofc.com,marianne@charlottemetrofc.com,,Success
CSK,150,https://www.csk.co.uk,enquiries@csk-developments.co.uk,,Success
Cheddar,35,https://www.cheddar.com,contact@cheddar.com,,Success
Chelsea FC Women,626,https://www.chelseafc.com,clubchelsea@chelseafc.com,,Success
Chelsea Academy VEO,2466,https://www.chelseafc.com,clubchelsea@chelseafc.com,,Success
Chelsea HS Boys Soccer,65,https://www.chelseafc.com,clubchelsea@chelseafc.com,,Success
Chelsea FFC SPARASHOLT COLLEGE WINCHESTER,18,https://www.chelseafc.com,clubchelsea@chelseafc.com,,Success
Chelsea FC Blenheim,228,https://www.chelseafc.com,clubchelsea@chelseafc.com,,Success
Chelsea Girls' Soccer,46,https://www.chelseafc.com,clubchelsea@chelseafc.com,,Success
Chelsea Rovers,217,https://www.chelseafc.com,clubchelsea@chelseafc.com,,Success
Chasetown Youth,44,https://www.chasetownfc.co.uk,media@chasetownfc.co.uk,,Success
Charleston City FC,418,https://www.charleston.com,advertise@charleston.com,,Success
Chelsea Piers Soccer Club,34,https://www.chelseafc.com,clubchelsea@chelseafc.com,,Success
Chelsea High School,254,https://www.chelseafc.com,clubchelsea@chelseafc.com,,Success
Chelsea FC Foundation - Inclusion & Disability,62,https://www.chelseafc.com,clubchelsea@chelseafc.com,,Success
Chelsea FC,46,https://www.chelseafc.com,clubchelsea@chelseafc.com,,Success
Chelsea,157,https://www.chelseafc.com,clubchelsea@chelseafc.com,,Success
Cheadle Hulme School,213,https://www.cheadlehulmeschool.co.uk,enquiries@chschool.co.uk,,Success
Bournside,33,https://www.bournside.com,admin@bournside.com,,Success
Chasetown fc,60,https://www.chasetownfc.co.uk,media@chasetownfc.co.uk,,Success
Chelsea Soccer Club,18,https://www.chelseafc.com,clubchelsea@chelseafc.com,,Success
Chelsea SC,39,https://www.chelseafc.com,clubchelsea@chelseafc.com,,Success
Chelsea Warriors,20,https://www.chelseafc.com,clubchelsea@chelseafc.com,,Success
Chelsea SC,121,https://www.chelseafc.com,clubchelsea@chelseafc.com,,Success
Cherry Hill Knights,105,https://www.cherryhillknights.com,cherryhillknightsfb@gmail.com,,Success
Chesapeake United,104,https://www.chesapeake.co.uk,associates@chesapeake.co.uk,,Success
Cheltenham Tigers,138,https://www.cheltenhamtigers.com,clubhouse@cheltenhamtigers.com,,Success
Cheshire FA,98,https://www.cheshirefa.com,safeguarding@cheshirefa.com,,Success
Chesapeake United,144,https://www.chesapeake.co.uk,associates@chesapeake.co.uk,,Success
Midstate Rugby,27,https://www.midstaterugby.com,info@midstaterugby.com,,Success
Dynasty FC,10,https://www.dynastyfc.com,otorres@dynastyfc.com,,Success
Cheshire,23,https://www.cheshire.com,support@cheshire.com,,Success
Midwest United,16,https://www.midwestfc.com,gene@midwestfc.com,,Success
Cheshire Bears,131,https://www.cheshirebears.co.uk,marketingofficer@cheshirebears.co.uk,,Success
Seals,98,https://www.seals.com,info@seals.com,,Success
Chicago Inter,14,https://www.chicagointerfc.com,info@chicagointerfc.com,,Success
Chicago Strikers,90,https://www.chicagostrikers.com,dave@chicagostrikers.com,,Success
Chicago Inter,123,https://www.chicagointerfc.com,info@chicagointerfc.com,,Success
Chicago Inter,68,https://www.chicagointerfc.com,info@chicagointerfc.com,,Success
Cheshire Lines Football Club,68,https://www.cheshirelines.co.uk,,07850365063,Success
Chicago Phoenix FC,42,https://www.chicagophoenixfc.com,impallari@gmail.com,,Success
Chipstead,93,https://www.chipsteadfc.com,,01737553250,Success
Chesterfield FC Academy,113,https://www.chesterfield.co.uk,info@chesterfield.co.uk,,Success
Chester Football Club,34,https://www.chesterfc.com,info@chesterfc.com,,Success
CISSA,60,https://www.cissa.com,cissa@cissa.com,,Success
Chipstead,353,https://www.chipsteadfc.com,,01737553250,Success
Chicago Rush,912,https://www.chicagorush.com,domains@usmarketing.com,,Success
Inferno,1099,https://www.inferno.co.uk,you@company.org,,Success
Chorley Women,116,https://www.chorleywomenfc.co.uk,help@chorleywomenfc.co.uk,,Success
Christos,38,https://www.christosfc.com,admin@christosfc.com,,Success
Brook House,50,https://www.brookhousefc.co.uk,info@brookhousefc.co.uk,,Success
House,17,https://www.house.com,contact@house.com,,Success
Chris Watts,27,https://www.chriswatts.com,info@chriswatts.com,,Success
Vikings,10,https://www.vikings.com,hello@getstoryteller.com,,Success
CPA,185,https://www.cpa.com,mail@cpa.com,,Success
Vikings,37,https://www.vikings.com,hello@getstoryteller.com,,Success
CIYMS,59,https://www.ciyms.com,info@ciyms.com,,Success
Chicago Blues FC,169,https://www.chicagoblues.com,chicagobluessociety@gmail.com,,Success
Cifa Elite FC,16,https://www.cifaelite.com,admissions_uk@cifaelite.com,,Success
CVFC,139,https://www.cvfc.co.uk,chatterleyvicsfc@gmail.com,,Success
Chris Morrison,42,https://www.chrismorrison.co.uk,hello@chrismorrison.co.uk,,Success
Chula Vista,508,https://www.chulavistafc.com,contact@chulavistafc.com,,Success
Chula Vista FC,611,https://www.chulavistafc.com,contact@chulavistafc.com,,Success
Citizen,39,https://www.citizen.com,press@citizen.com,,Success
Clapham Ultimate,238,https://www.claphamultimate.co.uk,ultimate.clapham@googlemail.com,,Success
Cincy SC,112,https://www.cincysc.com,cincysc@gmail.com,,Success
The Rovers,47,https://www.thefc.co.uk,hello@thefc.co.uk,,Success
City Pirates,149,https://www.pirates.com,privacy@website.mlb.com,,Success
City Pirates,11,https://www.pirates.com,privacy@website.mlb.com,,Success
Clarendon FC,197,https://www.clarendon.com,support@clarendon.com,,Success
CYL,43,https://www.cyl.com,info@cyl.com,,Success
CitySC San Marcos,168,https://www.cityscsanmarcos.com,info@cityscsanmarcos.com,,Success
Clayton Rugby,149,https://www.claytonrugby.com,info@claytonrugby.com,,Success
Classics Eagles,205,https://www.classicseagles.com,rbrown@tocafootball.com,,Success
Classic FC,121,https://www.classic.com,insight@classic.com,,Success
Clayesmore,121,https://www.clayesmore.com,,01747813111,Success
Claremont,114,https://www.claremont.co.uk,enquiries@claremont.co.uk,,Success
Cleveland fc,14,https://www.cleveland.com,mwalsh@cleveland.com,,Success
Claremont,142,https://www.claremont.co.uk,enquiries@claremont.co.uk,,Success
Clifford Juniors,59,https://www.cliffordjuniors.co.uk,afccliffordjuniors@hotmail.com,,Success
Claverdon RFC,49,https://www.claverdonrfc.co.uk,crfcaccts@gmail.com,,Success
Clitheroe FC,233,https://www.clitheroefc.co.uk,,07788662294,Success
CLCF Soccer,68,https://www.clcfsoccer.com,developmentalsoccer@clcfsports.org,,Success
Cavendish,100,https://www.cavendish.com,contact@cavendish.com,,Success
Clermont FC,52,https://www.clermontfc.com,info@clermontfc.com,,Success
St Judes,224,https://www.stjudesfc.com,sponsorship@stjudesfc.com,,Success
Cloud9,258,https://www.cloud9.com,impallari@gmail.com,,Success
Cloud9,13,https://www.cloud9.com,impallari@gmail.com,,Success
Cloud9,258,https://www.cloud9.co.uk,info@cloud9.co.uk,,Success
Cloud9,120,https://www.cloud9.com,impallari@gmail.com,,Success
Cloud9,603,https://www.cloud9.co.uk,info@cloud9.co.uk,,Success
Cloud 9,476,https://www.cloud9.co.uk,info@cloud9.co.uk,,Success
Cloud9,316,https://www.cloud9.co.uk,info@cloud9.co.uk,,Success
C loud 9,156,https://www.cloud9.co.uk,info@cloud9.co.uk,,Success
CLUB AFRICAIN,76,https://www.clubafricain.com,monitoring@clubafricain.com,,Success
clovis crossfire,89,https://www.cloviscrossfire.com,info@cloviscrossfire.com,,Success
cloud9,99,https://www.cloud9.com,impallari@gmail.com,,Success
Club777,36,https://www.club777.co.uk,webmaster@club777.co.uk,,Success
C.F. Calella,281,https://www.cfcalella.com,info@cfcalella.com,,Success
CD ASTON VILLA,68,https://www.avfc.co.uk,william.street@avfc.co.uk,,Success
Cloud9,81,https://www.cloud9.co.uk,info@cloud9.co.uk,,Success
Clovis Crossfire,225,https://www.cloviscrossfire.com,info@cloviscrossfire.com,,Success
Clovis Crossfire,19,https://www.cloviscrossfire.com,info@cloviscrossfire.com,,Success
Cloud9,22,https://www.cloud9.co.uk,info@cloud9.co.uk,,Success
Cloud9,657,https://www.cloud9.co.uk,info@cloud9.co.uk,,Success
Cloud9,292,https://www.cloud9.co.uk,info@cloud9.co.uk,,Success
Cloud9,913,https://www.cloud9.co.uk,info@cloud9.co.uk,,Success
UDA,17,https://www.uda.com,customer@hemandstitch.com,,Success
CD Hernani,445,https://www.cdhernani.com,info@cdhernani.com,,Success
CF Santomera,393,https://www.cfsantomera.com,angelmartinezalcantara@icamur.org,,Success
CLUB DEPORTIVO SAN CERNIN,16,https://www.clubdeportivosancernin.com,clubdeportivo@sancernin.es,,Success
Club Deportivo Alhaurino,74,https://www.clubdeportivoalhaurino.com,contacto@clubdeportivoalhaurino.com,,Success
Emprendedores,79,https://www.emprendedoresfc.com,tfcopaemprendedores@gmail.com,,Success
CD Serranos,1909,https://www.cdserranos.com,administracion@cdserranos.com,,Success
CHL JUJOL,120,https://www.chljujol.com,desarrollo@hugorivero.com,,Success
CLUB FUENTELARREYNA,388,https://www.clubfuentelarreyna.com,infoclubfuentelarreyna@email.com,,Success
RAPIDO DE BOUZAS,68,https://www.rapidodebouzas.com,escuelacrb@gmail.com,,Success
REEL XV,90,https://www.reelxv.com,secretariat@reelxv.fr,,Success
Club Rugby Alcala,98,https://www.clubrugbyalcala.com,club@rugbyalcala.es,,Success
Club Pueyrredon,125,https://www.clubpueyrredon.com,clubderugbypueyrredon@gmail.com,,Success
CSRDP,333,https://www.csrdp.com,csrdp@csrdp.com,,Success
FC Premier,74,https://www.premierfc.com,info@premierfc.com,,Success
CS MRO,200,https://www.csmro.com,nakamura@csmro.com,,Success
CS MHM,104,https://www.csmhm.com,clubsoccermercierhochelagamaisonneuve@csmhm.com,,Success
Club TAC,52,https://www.clubtac.com,support@clubtac.com,,Success
CMFA,184,https://www.cmfa.co.uk,footpaths.cmfa@gmail.com,,Success
CMD,76,https://www.cmd.co.uk,craigmorrisonart@gmail.com,,Success
CS ITALIEN,337,https://www.csitalien.com,inscription@csitalien.com,,Success
Coach Aaron,111,https://www.coachaaron.co.uk,info@coachaaron.co.uk,,Success
Club Thorne,136,https://www.clubthorne.co.uk,tom@tgmcreative.co.uk,,Success
Newman,604,https://www.newman.co.uk,sales@newman.co.uk,,Success
Coach Mike,299,https://www.coachmike.com,bookings@coachmike.com,,Success
Coastal Premier FC,154,https://www.coastalpremierfc.com,coastalpremierfc@gmail.com,,Success
Coastal Spirit Football Club,54,https://www.coastalspirit.com,roger@coastalspirit.com,,Success
Cobham Cobras,21,https://www.cobhamcobras.co.uk,contact@cobhamcobras.co.uk,,Success
CTC,22,https://www.ctc.com,info@ctc.com,,Success
Coastal Spirit,11,https://www.coastalspirit.com,roger@coastalspirit.com,,Success
Coastal Rush,249,https://www.coastalrush.com,info@coastalrush.com,,Success
Coatesville Boys Soccer,55,https://www.coatesvilleboyssoccer.com,casdsoccer1@gmail.com,,Success
Coastal FC,91,https://www.coastal.com,eyecare@eyebuydirect.com,,Success
Cognizant,13,https://www.cognizant.com,inquiry@cognizant.com,,Success
Coastal FC,169,https://www.coastal.com,eyecare@eyebuydirect.com,,Success
Coastal FC,82,https://www.coastal.com,eyecare@eyebuydirect.com,,Success
Coastal,114,https://www.coastal.com,eyecare@eyebuydirect.com,,Success
Coliseum SC,31,https://www.coliseumsc.com,info@coliseumsc.com,,Success
Colchester Rugby Football Club,102,https://www.colchesterrugby.co.uk,girls@colchesterrugby.co.uk,,Success
Coerfontaine,77,https://www.coerfontainefc.com,admin@coerfontainefc.com,,Success
Colliers Wood United FC,37,https://www.collierswoodfc.com,hello@collierswoodfc.com,,Success
Colo colo,35,https://www.colocolo.com,hello@colocolo.com,,Success
Collinstown FC,23,https://www.collinstown.co.uk,info@collinstown.co.uk,,Success
Rapids,95,https://www.rapidsfc.com,info@rapidsfc.com,,Success
Colegio Montessori,12,https://www.colegiomontessori.com,administracion@fundacionmontessori.com,,Success
Rapids,40,https://www.rapidsfc.com,info@rapidsfc.com,,Success
COLOMBIA ACADEMY,33,https://www.colombia.com,colombia.com@interlatin.com,,Success
Rapids,314,https://www.rapidsfc.com,info@rapidsfc.com,,Success
Rapids,143,https://www.rapidsfc.com,info@rapidsfc.com,,Success
Rapids,29,https://www.rapidsfc.com,info@rapidsfc.com,,Success
Colorado Rush,651,https://www.coloradorush.com,info@coloradorush.com,,Success
COMO Rush,125,https://www.comorush.com,info@comorush.com,,Success
Concorde Fire,67,https://www.concordefire.com,info@concordefire.com,,Success
Colorado Ignite,36,https://www.coloradoignite.com,kelly@coloradoignite.com,,Success
Colwyn Bay,232,https://www.colwynbayfc.co.uk,,01492514680,Success
Community First Soccer,26,https://www.communityfirstsoccer.com,cfs@communityfirstsoccer.com,,Success
Community Christian School,66,https://www.communitychristianschool.com,ccsoffice@ccsroyals.com,,Success
Concorde Fire,170,https://www.concordefire.com,info@concordefire.com,,Success
Concorde Fire,140,https://www.concordefire.com,info@concordefire.com,,Success
Concorde Fire,33,https://www.concordefire.com,info@concordefire.com,,Success
Concorde Fire,29,https://www.concordefire.com,info@concordefire.com,,Success
Concorde Fire,89,https://www.concordefire.com,info@concordefire.com,,Success
Concorde Fire,192,https://www.concordefire.com,info@concordefire.com,,Success
Community Sport Solutions,95,https://www.communitysportsolutions.com,matt@pixelspread.com,,Success
Concorde Fire,61,https://www.concordefire.com,info@concordefire.com,,Success
Concorde Fire,164,https://www.concordefire.com,info@concordefire.com,,Success
COMETS FC,290,https://www.comets.com,carl@comets.com,,Success
Rams,124,https://www.ramsfc.com,drush@ramsfc.com,,Success
Concorde Fire,65,https://www.concordefire.com,info@concordefire.com,,Success
Concorde Fire,18,https://www.concordefire.com,info@concordefire.com,,Success
ICSF,64,https://www.icsf.co.uk,icsf@imperial.ac.uk,,Success
CVU,346,https://www.cvufc.com,email@email.com,,Success
Rapids,351,https://www.rapidsfc.com,info@rapidsfc.com,,Success
Commercial Hockey Club,56,https://www.commercialhockeyclub.com,bookings@commercialhockeyclub.com,,Success
Self,57,https://www.self.com,help@newyorker.com,,Success
Commercial Hockey Club,56,https://www.commercialhockeyclub.com,bookings@commercialhockeyclub.com,,Success
Concordia,21,https://www.concordia.com,bhill@concordia.com,,Success
Concordia,21,https://www.concordia.com,bhill@concordia.com,,Success
Coolaroo,10,https://www.coolaroofc.com,coolaroosecretary@gmail.com,,Success
Coppermine Soccer,352,https://www.copperminesoccer.com,cscinfo@gocoppermine.com,,Success
Coomera Football Club,402,https://www.coomerafc.com,admin@coomerasoccer.com,,Success
Cook Inlet S.C.,153,https://www.cookinletsc.com,info@cookinletsc.com,,Success
Conquerors Basketball,57,https://www.conquerorsbasketball.com,info@conquerorsbasketball.com,,Success
Wasatch,62,https://www.wasatch.com,subscription@wasatch.com,,Success
Coruxo FC,32,https://www.coruxofc.com,coruxofc@coruxofc.com,,Success
Corte Madera FC,179,https://www.cortemaderafc.com,cortemaderafc@gmail.com,,Success
CoronaRita Soccer Club,25,https://www.coronaritasoccerclub.com,www.info@coronaritasc.com,,Success
Corstorphine Dynamo,67,https://www.corstorphinedynamo.co.uk,info@corstorphinedynamo.co.uk,,Success
Valley United,17,https://www.valley.com,encompassadmin@valley.com,,Success
Coventry copsewood,12,https://www.coventrycopsewoodfc.co.uk,coventrycopsewood@gmail.com,,Success
Cova fc,10,https://www.cova.com,cs@cova.com,,Success
Cortown GAA,26,https://www.cortowngaa.com,secretary.cortown.meath@gaa.ie,,Success
C.O.V,32,https://www.cov.com,dschaefer@cov.com,,Success
Peter Clarke,96,https://www.peterclarke.co.uk,,01789415444,Success
Covington FC,132,https://www.covingtonfc.com,covingtonfc@gmail.com,,Success
Sphinx,48,https://www.sphinx.com,info@sphinx.com,,Success
Craun,109,https://www.craun.com,webmaster@any-web.uk,,Success
Crack,525,https://www.crackfc.com,13568510086@gmail.com,,Success
Hoog,124,https://www.hoog.com,impallari@gmail.com,,Success
Crendon Corinthians,42,https://www.crendoncorinthians.com,,07747016140,Success
Cropredy,107,https://www.cropredyfc.com,cropredyfootballclub@hotmail.com,,Success
Crocker United,37,https://www.crocker.com,stephanie@greenstar-us.com,,Success
Crosfields,42,https://www.crosfields.com,admissions@crosfields.com,,Success
Crosfields,41,https://www.crosfields.com,admissions@crosfields.com,,Success
Crossfire Select,31,https://www.crossfireselect.com,communications@crossfireselect.com,,Success
Crossfire Select,150,https://www.crossfireselect.com,communications@crossfireselect.com,,Success
CSM,17,https://www.csm.com,sarah.riggott@csm.com,,Success
Crossfire Select,68,https://www.crossfireselect.com,communications@crossfireselect.com,,Success
Crossfire Select,86,https://www.crossfireselect.com,communications@crossfireselect.com,,Success
Crossfire Select,193,https://www.crossfireselect.com,communications@crossfireselect.com,,Success
Crossfire Select,56,https://www.crossfireselect.com,communications@crossfireselect.com,,Success
Crewe FC,312,https://www.crewe.com,ib@crewe.com,,Success
Crossfire Select,47,https://www.crossfireselect.com,communications@crossfireselect.com,,Success
Crossfire Select,71,https://www.crossfireselect.com,communications@crossfireselect.com,,Success
Crewe United,41,https://www.crewe.com,ib@crewe.com,,Success
Site,25,https://www.site.co.uk,tech@allainet.com,,Success
CR South,45,https://www.crsouth.com,john@usdata.net,,Success
Croydon Cougars,148,https://www.croydoncougars.co.uk,team@latofonts.com,07956212179,Success
Image Detail Specialists,42,https://www.imagedetailspecialists.com,info@imagedetailspecialists.com,,Success
Eagles,49,https://www.eaglesfc.co.uk,londoneaglesfc@gmail.com,,Success
Leroy,149,https://www.leroyfc.com,leroyfc10@gmail.com,,Success
CSMC,22,https://www.csmc.co.uk,enquiry@csmc.co.uk,01454338991,Success
Cuffley FC,135,https://www.cuffleyfc.co.uk,generalsecretary@cuffleyfc.co.uk,,Success
CTC,43,https://www.ctc.com,info@ctc.com,,Success
Crush,69,https://www.crush.co.uk,email@domain.com,,Success
Cuesta,29,https://www.cuesta.com,info@cuesta.com,,Success
Crown Legacy FC,175,https://www.crownlegacy.co.uk,contact@crownlegacy.co.uk,,Success
Cedar stars Academy,92,https://www.cedarstars.com,north.tryouts@cedarstars.com,,Success
Cumberland Academy,11,https://www.cumberland.com,info@cumberland.com,,Success
Cumberland United,49,https://www.cumberland.com,info@cumberland.com,,Success
CS MRO,39,https://www.csmro.com,nakamura@csmro.com,,Success
Cumbernauld Colts,225,https://www.cumbernauldcoltsfc.com,ccfcadmin@cumbernauld-colts.com,,Success
CCHS,136,https://www.cchs.com,info@cinchhs.com,,Success
Culture FC,60,https://www.culturefc.com,info@culturefc.com,,Success
Culture FC,313,https://www.culturefc.com,info@culturefc.com,,Success
Cumnock Juniors,158,https://www.cumnockjuniors.com,cumnockjuniors1@gmail.com,07923127092,Success
Culture FC,88,https://www.culturefc.com,info@culturefc.com,,Success
Central Valley,86,https://www.centralvalley.co.uk,support@centralvalley.co.uk,,Success
Dallas Roma,20,https://www.dallasromafc.com,angela@dallasromafc.com,,Success
DAC,22,https://www.dac.com,info@dac.com,,Success
Dakota Fusion,45,https://www.dakotafusionfc.com,operations@dakotafusionfc.com,,Success
Dalkey United,107,https://www.dalkey.com,jmk@dalkey.com,,Success
DAC,11,https://www.dac.com,info@dac.com,,Success
Fusion,58,https://www.fusionfc.com,domain@webcraft.com,,Success
Dahle,94,https://www.dahle.com,info@dahle.com,,Success
Quins,85,https://www.quins.com,info@quins.com,,Success
Dallas Hornets,1271,https://www.dallashornets.com,impallari@gmail.com,,Success
Dallas Hornets,418,https://www.dallashornets.com,impallari@gmail.com,,Success
Dalkeith Thistle CFC,232,https://www.dalkeiththistlecfc.com,,07923005534,Success
Dallas Texans,83,https://www.dallastexans.com,hassan1@prodigy.net,,Success
Dalton School,57,https://www.daltonschool.co.uk,office.dalton@kirkleeseducation.uk,,Success
Dallas Texans,69,https://www.dallastexans.com,hassan1@prodigy.net,,Success
Dallas Texans,144,https://www.dallastexans.com,hassan1@prodigy.net,,Success
Dallas Texans,201,https://www.dallastexans.com,hassan1@prodigy.net,,Success
Dallas Texans,177,https://www.dallastexans.com,hassan1@prodigy.net,,Success
Dallas Texans,58,https://www.dallastexans.com,hassan1@prodigy.net,,Success
Dallas Texans,65,https://www.dallastexans.com,hassan1@prodigy.net,,Success
Dallas Texans,29,https://www.dallastexans.com,hassan1@prodigy.net,,Success
Lightning.,89,https://www.lightningfc.co.uk,contact@lightningfc.co.uk,,Success
Dallas Cosmos,173,https://www.dallascosmos.com,coachtwallace@gmail.com,,Success
Dallas Texans,143,https://www.dallastexans.com,hassan1@prodigy.net,,Success
Fire FC,77,https://www.firefc.com,contact@firefc.com,,Success
Danubio FC,147,https://www.danubio.com,restaurante@danubio.com,,Success
Danubio,299,https://www.danubio.com,restaurante@danubio.com,,Success
DAME,114,https://www.dame.com,support@dameproducts.com,,Success
Daniel,28,https://www.danielfc.com,hablamos@danielfc.com,,Success
D Grover,71,https://www.dgrover.com,dishagrover07@gmail.com,,Success
DWU,214,https://www.dwu.com,admin@telepathy.com,,Success
Dartford,113,https://www.dartfordfc.com,info@dartfordfc.com,,Success
Darvel FC,93,https://www.darvelfc.com,darvelfc@outlook.com,,Success
Dartford FC,24,https://www.dartfordfc.com,info@dartfordfc.com,,Success
Simoni,34,https://www.simoni.com,simoni1@simoni.com,,Success
Darvel FC,73,https://www.darvelfc.com,darvelfc@outlook.com,,Success
Dannaz FC,84,https://www.dannaz.com,media@sfygroup.com,,Success
Holliday,35,https://www.holliday.com,kengh@holliday.com,,Success
Davie Sharks,33,https://www.daviesharks.com,kim@daviesharks.com,,Success
Lakers FC,63,https://www.lakersfc.com,daddanki@gepark.org,,Success
Davie Sharks,14,https://www.daviesharks.com,kim@daviesharks.com,,Success
Davie United Sharks,105,https://www.daviesharks.com,kim@daviesharks.com,,Success
Dave Carter,99,https://www.davecarter.com,contactus@davecarter.com,,Success
Dawlish United,113,https://www.dawlish.com,webmaster@dawlish.com,,Success
David Fisher,247,https://www.davidfisher.co.uk,mail@fisherstudios.co.uk,,Success
DC XI,534,https://www.dcxifc.com,partnerships@dcxiproject.com,,Success
DFU,23,https://www.dfu.com,admin@telepathy.com,,Success
Deano's Pro Soccer,45,https://www.deanosprosoccer.com,,07815974009,Success
DC Way Academy,340,https://www.dcway.com,contact@dcway.com,,Success
Depor valencia,58,https://www.deporvalenciafc.com,contacto@deporvalenciafc.com,,Success
Salmo,33,https://www.salmo.co.uk,info@salmo.co.uk,,Success
Harps,43,https://www.harps.co.uk,sales@kim.co.uk,,Success
Denver Kickers,65,https://www.denverkickers.com,email@domain.com,,Success
Harps,55,https://www.harps.co.uk,sales@kim.co.uk,,Success
harps,223,https://www.harps.co.uk,sales@kim.co.uk,,Success
Denver Kickers,216,https://www.denverkickers.com,email@domain.com,,Success
Denver Country Club,40,https://www.denvercountryclub.com,admin@cheapco.com,,Success
Harps,10,https://www.harps.co.uk,sales@kim.co.uk,,Success
Blue Jays,90,https://www.bluejays.com,privacy@website.mlb.com,,Success
Des Moines Rugby Club,50,https://www.desmoinesrugbyclub.com,desmoinesrugby@gmail.com,,Success
Union,15,https://www.union.co.uk,info@union.co.uk,,Success
georges,119,https://www.georges.com,info@georges.com,,Success
DHILLONs,15,https://www.dhillons.com,info@dhillons.com,07930639964,Success
Devonport Services RFC,210,https://www.devonportservicesrfc.com,,01752562948,Success
Vale,98,https://www.vale.co.uk,enquiries@vale.co.uk,,Success
Rainer,70,https://www.rainer.com,rainer@rainer.com,,Success
DFS,66,https://www.dfs.com,dpo@dfs.com,,Success
KICKS,135,https://www.kicksfc.com,info@fashionshop.com,,Success
Culture FC,243,https://www.culturefc.com,info@culturefc.com,,Success
DIAS,26,https://www.diasfc.com,diasfootballacademy@gmail.com,,Success
Diet Smoke,26,https://www.dietsmoke.com,hello@dietsmoke.com,,Success
Chicago Nation,13,https://www.chicagonationfc.com,chicagonationfc@yahoo.com,,Success
Dixie,16,https://www.dixiefc.com,sales@dixiefc.com,,Success
Dixon Leon SC,94,https://www.dixonleonsc.com,secretary@dixonscleon.com,,Success
Dixie Soccer Club,254,https://www.dixiesoccerclub.com,info@dixiesoccerclub.com,,Success
Titans,238,https://www.titansfc.com,support@epik.com,,Success
Thomson,71,https://www.thomsonfc.co.uk,markthomson@openwork.uk.com,,Success
Leon,37,https://www.leonfc.co.uk,info@leonfc.co.uk,07508243500,Success
D.G.N,149,https://www.dgn.com,admin@telepathy.com,,Success
Dollingstown fc,47,https://www.dollingstownfc.com,dollingstownfc.planterspark@yahoo.com,,Success
Dollingstown Football Club,29,https://www.dollingstownfc.com,dollingstownfc.planterspark@yahoo.com,,Success
DIF,258,https://www.diffc.com,info@diff.com,,Success
DMV,28,https://www.dmv.com,info@dmv.com,,Success
Team,161,https://www.team.co.uk,,07734263891,Success
Donosti Eventos,49,https://www.donostieventos.com,info@donostieventos.com,,Success
FOOTBALL DOMINATION,314,https://www.footballdomination.com,info@footballdomination.com,07960480542,Success
DMI,46,https://www.dmi.com,marketing@dmi.com,,Success
DONAGHADEE FC,24,https://www.donaghadeefc.com,donaghadeefootballclub@yahoo.com,,Success
Doss,232,https://www.doss.com,support@doss.com,,Success
Don King,21,https://www.donking.com,contactdkp@donking.com,,Success
DOrazio,141,https://www.dorazio.com,customerservice@seviroli.com,,Success
Dover Athletic Academy,80,https://www.dover.com,hello@dover.com,,Success
Dover Fc,29,https://www.dover.com,hello@dover.com,,Success
Donegal Town FC,119,https://www.donegal.com,info@donegalsquare.com,,Success
Dosthill Colts,11,https://www.dosthillcoltsfc.co.uk,davidpeel3@aol.com,07862737701,Success
Donegal/Derry Vipers,71,https://www.donegalderryvipers.com,nwvipersfootball@gmail.com,,Success
Dnamo FC,326,https://www.dnamofc.com,info@dnamofc.com,,Success
Downside,22,https://www.downside.com,info@downside.com,,Success
Doreen United,216,https://www.doreen.com,info@doreen.com,,Success
Draft Pick Video,44,https://www.draftpickvideo.com,info@draftpickvideo.com,,Success
Downham Town FC,123,https://www.downham.co.uk,your.name@downham.co.uk,,Success
Roadrunners,83,https://www.roadrunners.com,sales@roadrunners.co.uk,07792268221,Success
Doylestown Rugby Football Club,10,https://www.doylestownrugby.com,fundraising@doylestownrugby.com,,Success
DRP,47,https://www.drpfc.com,dr.pfc0001@gmail.com,,Success
Dryburgh Athletic,66,https://www.dryburgh.co.uk,enquiries@dryburgh.co.uk,01835822261,Success
Dre,35,https://www.dre.co.uk,,01691654353,Success
Druids,45,https://www.druids.com,daniel@druidsgolf.com,,Success
Downtown,117,https://www.downtown.co.uk,support@hellorayo.com,,Success
DSPFC,82,https://www.dspfc.com,luciano@latinotype.com,,Success
Dublin Hospitals FC,25,https://www.dublinhospitalsfc.com,management@dublinhospitalsfc.com,,Success
Dundee West,128,https://www.dundeewestfc.co.uk,andrew.creegan@dundeewestct.co.uk,,Success
DOYRMS,93,https://www.doyrms.com,reception@doyrms.com,,Success
DUCS,30,https://www.ducs.com,astigma@astigmatic.com,,Success
Dundela Academy,17,https://www.dundelafc.co.uk,menu3@milonic.com,,Success
Dulwich Village FC,24,https://www.dulwichvillagefc.co.uk,info@dulwichvillagefc.co.uk,,Success
Dunottar School,206,https://www.dunottarschool.com,info@dunottarschool.com,,Success
Dunbar,12,https://www.dunbar.com,you@dunbar.com,,Success
DUNBAR,494,https://www.dunbar.com,you@dunbar.com,,Success
Dunbar Rovers FC,666,https://www.dunbar.com,you@dunbar.com,,Success
Dunvant RFC,100,https://www.dunvantrfc.co.uk,info@dunvantrfc.uk,07877917526,Success
Duchy College,29,https://www.duchycollege.com,events@hlc.org.uk,,Success
Dunvant RFC,71,https://www.dunvantrfc.co.uk,info@dunvantrfc.uk,07877917526,Success
Dunmore RFC,90,https://www.dunmorerfc.com,dunmore.rfc16@gmail.com,,Success
Dundee FC Academy,552,https://www.dundeefc.co.uk,,01382889966,Success
Dundee United,120,https://www.dundeefc.co.uk,,01382889966,Success
DUOMO,26,https://www.duomo.co.uk,,01905797989,Success
Dunmore MacHales,39,https://www.dunmoremachales.com,dunmoremachalesoffice@gmail.com,,Success
Dunipace FC Youth,46,https://www.dunipace.co.uk,support@any-mail.org.uk,,Success
Dunipace Football Club,58,https://www.dunipace.co.uk,support@any-mail.org.uk,,Success
Dutch Football Club,64,https://www.dutchfc.com,info@dutchfc.com,,Success
Dynamo Soccer Club,22,https://www.dynamosoccerclub.com,dynamosc@gmail.com,,Success
Dynasty,421,https://www.dynastyfc.com,otorres@dynastyfc.com,,Success
DSFA,19,https://www.dsfa.co.uk,hello@dsfa.co.uk,,Success
Dynasty,517,https://www.dynastyfc.com,otorres@dynastyfc.com,,Success
Emma Hsu,56,https://www.emmahsu.com,emmahsu@hawaii.edu,,Success
Dynamo Tekkers,74,https://www.dynamotekkers.com,info@tekkersfootball.co.uk,07943135802,Success
DynamoLA,14,https://www.dynamola.com,info@mysite.com,,Success
Dynamo la,15,https://www.dynamola.com,info@mysite.com,,Success
Dutch Connections FC,352,https://www.dutchconnectionsfc.com,admin@dutchconnectionsfc.com,,Success
Earlsfield,105,https://www.earlsfieldfc.co.uk,earlsfieldfc@gmail.com,,Success
Eagles,111,https://www.eaglesfc.co.uk,londoneaglesfc@gmail.com,,Success
Eagles Football Club,25,https://www.eaglesfc.co.uk,londoneaglesfc@gmail.com,,Success
Eagles,35,https://www.eaglesfc.co.uk,londoneaglesfc@gmail.com,,Success
Eagles,38,https://www.eaglesfc.co.uk,londoneaglesfc@gmail.com,,Success
Eagles,91,https://www.eaglesfc.co.uk,londoneaglesfc@gmail.com,,Success
Easington Sports FC,160,https://www.easingtonsportsfc.com,,07791681204,Success
Eagles Football Club,20,https://www.eaglesfc.co.uk,londoneaglesfc@gmail.com,,Success
East bay eclipse,47,https://www.eastbayeclipse.com,eclipse@eastbayeclipse.com,,Success
Dynamo Victoria FC,184,https://www.dynamovictoriafc.com,dynamomelbournefc@gmail.com,,Success
Eagles United FC,45,https://www.eaglesfc.co.uk,londoneaglesfc@gmail.com,,Success
DVG,122,https://www.dvg.com,customerservicedvg@gmail.com,,Success
East Coast,30,https://www.eastcoastfc.com,ecfcny@gmail.com,,Success
East coast FC,11,https://www.eastcoastfc.com,ecfcny@gmail.com,,Success
East Coast,14,https://www.eastcoastfc.com,ecfcny@gmail.com,,Success
East Coast,638,https://www.eastcoastfc.com,ecfcny@gmail.com,,Success
East Coast FC,22,https://www.eastcoastfc.com,ecfcny@gmail.com,,Success
Eastern Flames FC,62,https://www.easternflamesfc.com,admin@easternflamesfc.com,,Success
EGUFC,21,https://www.egufc.com,ebenkessie@gmail.com,,Success
East Select Soccer,38,https://www.eastselectsoccer.com,eastselectsoccer@gmail.com,,Success
East Preston FC,103,https://www.eastprestonfc.co.uk,admin@eastprestonfc.co.uk,,Success
ESS,117,https://www.essfc.com,willowglyn@gmail.com,,Success
Eastleigh Rugby Football Club,59,https://www.eastleighrugby.com,markbjones63@gmail.com,,Success
SC43 Soccer,35,https://www.sc43soccer.com,annajanusz@gmail.com,,Success
Eastern Thunder FC,14,https://www.easternthunderfc.com,admin@easternthunderfc.com,,Success
Revolution FC,172,https://www.revolution.com,media@revolution.com,,Success
EPL,76,https://www.epl.com,info@epl.com,,Success
ECFA,50,https://www.ecfa.com,ecfa@ecfa.com,,Success
ECU,83,https://www.ecu.com,amortgageofficer@ecu.com,,Success
EMHS,88,https://www.emhs.co.uk,info@emhs.co.uk,07444020161,Success
Spartans FC,136,https://www.spartansfc.com,info@spartansfc.com,,Success
Edinburgh South CFC,229,https://www.edinburghsouthcfc.co.uk,recruitment@escfc.co.uk,07886304838,Success
Edgewater Castle FC,112,https://www.edgewatercastlefc.com,edgewatercastlefc@gmail.com,,Success
EFA,30,https://www.efa.co.uk,nostalgia@efa.co.uk,,Success
EULRFC,52,https://www.eulrfc.co.uk,rugby.ladies@ed.ac.uk,,Success
Eccleshall FC,13,https://www.eccleshallfc.com,pg88.one@gmail.com,,Success
Eclipse Soccer Club,20,https://www.eclipsesoccerclub.com,info@risesc.org,,Success
ESC,73,https://www.escfc.co.uk,recruitment@escfc.co.uk,07886304838,Success
EPSC,122,https://www.epsc.co.uk,info@doneyourway.co.uk,,Success
Eclipse Soccer Club,37,https://www.eclipsesoccerclub.com,info@risesc.org,,Success
Eccleshall,28,https://www.eccleshallfc.com,pg88.one@gmail.com,,Success
Revolution FC,106,https://www.revolution.com,media@revolution.com,,Success
EFA,15,https://www.efa.co.uk,nostalgia@efa.co.uk,,Success
EFMO,51,https://www.efmo.com,info@efmo.com,,Success
Mercy,64,https://www.mercy.com,srmc-childbirth-education-classes@mercy.com,,Success
Perry Soccer,82,https://www.perrysoccer.com,perrytownshipyouthsc@gmail.com,,Success
Alan,80,https://www.alan.com,contact@alan.com,,Success
ELECLIMATIK,29,https://www.eleclimatik.com,contact@eleclimatik.com,,Success
ESC,195,https://www.escfc.co.uk,recruitment@escfc.co.uk,07886304838,Success
ECR,135,https://www.ecr.com,customersfirst@ecr.net,,Success
EYSA,12,https://www.eysa.com,web@eysa.com,,Success
Edinburgh South,53,https://www.edinburghsouth.com,info@edinburghsouth.co.uk,,Success
ELEMENTAL,153,https://www.elementalfc.com,team@latofonts.com,,Success
EIF,260,https://www.eif.co.uk,contact@eif.co.uk,,Success
11 Football Pro,30,https://www.11footballpro.com,admin@webboxed.com,,Success
Electric City Football Club,121,https://www.electric.com,contact@electric.com,,Success
Eldwick Juniors Football Club,12,https://www.eldwickjuniors.co.uk,eldwickjuniors@gmail.com,,Success
Elevate Analysis,41,https://www.elevateanalysis.com,info@elevateanalysis.com,,Success
EPSC Academy,15,https://www.epsc.co.uk,info@doneyourway.co.uk,,Success
EPSC,189,https://www.epsc.co.uk,info@doneyourway.co.uk,,Success
sjeb,66,https://www.sjebfc.com,john@sjebfc.com,,Success
ESF,61,https://www.esf.co.uk,sam@streamstudio.co.uk,,Success
Elite Ballers,116,https://www.eliteballers.co.uk,matt@pixelspread.com,,Success
EFA,102,https://www.efa.co.uk,nostalgia@efa.co.uk,,Success
Elite Falcons,463,https://www.elitefalcons.com,elitefalconspvtltd@gmail.com,,Success
EEP,226,https://www.eep.co.uk,20consulting@eep.co.uk,,Success
Elite Pathways,29,https://www.elitepathways.co.uk,enquries@elitepathways.co.uk,,Success
EliteVision FC,21,https://www.elitevisionfc.com,elitevisionfc@gmail.com,,Success
Elite International,38,https://www.eliteinternational.com,info@eliteinternational.com,,Success
Elite Football Coaching,218,https://www.elitefootballcoaching.co.uk,,07515997111,Success
EBU,473,https://www.ebufc.co.uk,ebufc@email.com,,Success
Elstead,93,https://www.elsteadfc.co.uk,hello@elsteadfc.co.uk,,Success
Magic,23,https://www.magic.co.uk,hello@magic.co.uk,07593139729,Success
Elsecar Main,84,https://www.elsecarmain.co.uk,martin@doorsolutions.co.uk,07951237691,Success
Elite JR FC,140,https://www.elitejr.co.uk,elitejrfc@gmail.com,,Success
Elmstone fire,36,https://www.elmstonefire.com,info@elmstonefire.com,01634395615,Success
Emerald Coast Rush,293,https://www.emeraldcoastrush.com,info@emeraldcoastrush.com,,Success
El Palo,436,https://www.elpalofc.com,bobbyperdana48@gmail.com,,Success
Elwood,54,https://www.elwood.com,john.hoeppner@elwood.com,,Success
Elite XI,67,https://www.elitexi.com,20support@jasvirs1.sg-host.com,,Success
Emirates - Dubai 7s,43,https://www.emiratesdubai7s.com,guestservices@b9events.com,,Success
El Mellindo FC,10,https://www.elmellindofc.com,info@elmellindofc.com,,Success
Emily Football club,62,https://www.emily.com,domains@brannans.com,,Success
Empress Lacrosse,14,https://www.empresslacrosse.com,info@empresslacrosse.com,,Success
Crusaders FC,82,https://www.crusadersfc.com,cruesgeneralmanager@gmail.com,,Success
EGSC,142,https://www.egsc.co.uk,info@egsc.co.uk,,Success
Elk Grove Soccer,109,https://www.elkgrovesoccer.com,20info@elkgrovesoccer.com,,Success
Elk Grove Soccer,34,https://www.elkgrovesoccer.com,20info@elkgrovesoccer.com,,Success
Enniscorthy Rugby Football Club,20,https://www.enniscorthyrugby.com,tedcreed@gmail.com,,Success
Elk Grove Soccer,199,https://www.elkgrovesoccer.com,20info@elkgrovesoccer.com,,Success
ENG Sports UK,290,https://www.engsportsuk.co.uk,contact@engsportsuk.co.uk,07376265748,Success
Elk Grove Soccer,17,https://www.elkgrovesoccer.com,20info@elkgrovesoccer.com,,Success
ETLFC,94,https://www.etlfc.co.uk,micah@micahrich.com,,Success
EIF,197,https://www.eif.co.uk,contact@eif.co.uk,,Success
ELO,13,https://www.elo.co.uk,sales@elo.co.uk,,Success
