Club Name,Recordings,Club Identifier,Country,Activity_Score
Ipswich Town FC,3663,ipswich-town-football-club,England,3663.0
Sheffield United Academy,2651,alex-delves,England,2651.0
LouCity/Racing Academy,2591,louisville-city-youth-academy,England,2591.0
Fleetwood Town,1905,aidan-adamson,England,1905.0
Lions FC,1810,queensland-lions-fc,England,1810.0
Bulls FC Academy,1480,northbridge-football-club-2,England,1480.0
Cheltenham Town Academy,1184,cheltenham-town-academy,England,1184.0
Mansfield Town,1152,mansfieldtownacademy,England,1152.0
FC Portland Soccer Academy,1122,fc-portland-soccer-academy,England,1122.0
Chatham Town,918,chatham-town,England,918.0
GFC Training,900,gfc-training,England,900.0
HBS FC Academy,809,hapoel-beer-sheba,England,809.0
Cambrian United Academy,809,cambrian-clydach-vale-bgc-academy-2,England,809.0
AL AIN FC YOUTH ACADEMY,794,al-ain-football-club,England,794.0
Charlotte FC Academy,770,charlotte-football-club-2,England,770.0
Edgeworth Eagles FC,747,edgeworth-eagles-fc-2,England,747.0
Miramar United Elite FC,724,miramar-united-elite-fc,England,724.0
Manchester United Academy,711,manchester-united-academy,England,711.0
City Football Academy,707,city-football-academy,England,707.0
Chatham Town,628,chatham-town-football-club,England,628.0
Brooklyn United Academy,623,next-level,England,623.0
FC Sion ELITE,592,fc-sion-elite,England,592.0
Ilkley Town AFC,588,ilkley-town-community-football-ltd,England,588.0
Cincinnati United North,557,cincinnati-united-soccer-club-2,England,557.0
Dundee FC Academy,552,dundee-fc-academy-2,England,552.0
Highline Premier FC,544,highline-premier-football-club,England,544.0
Monmouth United Premier,529,monmouth-united-soccer-club,England,529.0
Birkirkara FC Youth Academy,508,birkirkara-fc-youth-academy,England,508.0
Indiana Elite FC,456,indiana-elite-fc-ac494591,England,456.0
FC Wolves Norwalk,456,fc-wolves-norwalk,England,456.0
Hull City Academy,431,hull-city-academy-veo,England,431.0
City of London School,423,city-of-london-school,England,423.0
Ayr United Football Academy,419,ayr-united-football-academy,England,419.0
Maiden City Academy,414,maiden-city,England,414.0
Cheltenham Town FC Ltd (Hereford Development),408,cheltenham-town-dc-hereford,England,408.0
Grimsby Town Football Club,402,grimsby-town-football-club,England,402.0
Ebbsfleet United FC Academy,401,ebbsfleet-united-fc-academy,England,401.0
BASINGSTOKE TOWN FC,398,basingstoke-town-community-football-club,England,398.0
Ipswich Town Foundation,398,ipswich-town-community-trust,England,398.0
Ipswich Knights FC,392,ipswich-knights-football-club-3,England,392.0
Fort Wayne United Academy FC,387,fort-wayne-united-academy-fc,England,387.0
Lions FC,376,lions-fc,England,376.0
Carolina Core FC Youth,370,piedmont-triad-football-club,England,370.0
Calgary West FC,367,calwest-football-club,England,367.0
MNUFC Academy,363,minnesota-united-fc-academy,England,363.0
LCFC Women Academy,355,louis-sowe-3,England,355.0
Girls - SoCal Elite FC,354,socal-elite-fc-aaece614,England,354.0
London Lions,332,london-lions-group-limited,England,332.0
East Fife CFC,329,east-fife-community-football-club,England,329.0
BSC Tottenham Hotspur FC & Academy Sports,325,bsc-tottenham-hotspur,England,325.0
Europa Lions FC,320,europa-lions-fc,England,320.0
Cape Town Spurs Football Club,314,coenrad,England,314.0
Gold Coast United,309,souths-united,England,309.0
Clevedon Town,302,clevedon-town-football-club-3,England,302.0
Carmarthen Town,299,carmarthen-town-844b9b4d,England,299.0
Caernarfon Town Football Club.,290,caernarfon-town-football-club-academy,England,290.0
FC Central IL,289,illinois-fire-juniors,England,289.0
Garden City High School,288,garden-city-high-school,England,288.0
Harrogate Town,287,harrogate-town,England,287.0
Chippenham Town FC,284,chippenham-town-fc,England,284.0
Barry Town United,281,barry-town-united,England,281.0
Blitz Academy FC,279,tulsa-sheffield-united,England,279.0
Kingscliff Wolves FC,279,kingscliff-district-football-club,England,279.0
FC1 Soccer Academy and Glenview Soccer Club,273,fc1-academy-and-glenview-soccer-club,England,273.0
Llanelli Town Academy,273,llanelli-town-academy-14ac7faa,England,273.0
Harlow Town,272,st-margaretsbury-yellows,England,272.0
Cambridge United Academy,269,cambridge-united-football-club-3,England,269.0
Barnhurst Lane Lions FC,266,stoke-regional-talent-centre,England,266.0
Indy Phoenix FC,259,indy-phoenix-fc,England,259.0
Merthyr Town,257,merthyr-town-football-club,England,257.0
Central Kansas United,256,fc-wichita-north,England,256.0
FC Stars White ECNL - SM,255,fc-stars-white-ecnl,England,255.0
Frome Town United FC,255,frome-town-football-club,England,255.0
UNITED SOUTH BAY,252,ryan-smith,England,252.0
Kings Lynn Town FC,251,kingslynntownfc,England,251.0
Govan & University of Manchester FC,249,govan-athletic-football-club,England,249.0
Dorchester Town Football Club,245,dorchester-town-football-club,England,245.0
Elite FC,239,elite-fc,England,239.0
Malvern Town,239,malvern-town-fc,England,239.0
Loughton Town FC,238,loughton-town-football-club,England,238.0
AFC Whyteleafe Youth,237,junior-elite-footbal-club,England,237.0
FCB Elite,236,fcb-elite,England,236.0
Miami Breakers FC U10 Black,236,psg-fort-lauderdale,England,236.0
Fleetwood Town Juniors FC (FTJFC),236,fleetwood-town-juniors-fc-ftjfc,England,236.0
Maidenhead United FC Juniors,233,maidenhead-united-juniors,England,233.0
Camberley Town,232,camberley-town,England,232.0
East Valley FC / SC Del Sol,232,gysa-united,England,232.0
Grimsby Town Shadow Scholarship,232,grimsby-town-football-shadow-scholarship,England,232.0
Futbol Town,232,futbol-town,England,232.0
Darlaston Town FC,231,darlaston-town-1874-fc-3,England,231.0
FC Halifax Town,230,fc-halifax-town,England,230.0
Hungerford Town FC,230,hungerford-town-fc,England,230.0
Bilston Town,227,bilston-town-fc-2,England,227.0
DCFC South Oakland,227,detroit-city-fc-south-oakland,England,227.0
Ashton Town Ladies,226,winstanley-warriors-football-club,England,226.0
AFC Kingston Youth,225,afc-kingston-youth,England,225.0
Georgetown College,222,brent-w-chase,England,222.0
London Football School,222,london-football-school-0393ac66,England,222.0
Burgess Hill Town,219,russell-martin-academy,England,219.0
Billericay Town,219,billericay-town-fc-2,England,219.0
Dereham Town FC,218,toastys-football-clubs-and-players,England,218.0
Cambourne Town,216,cambourne-town-football-club,England,216.0
GXFFC U14 Youth,214,gerrards-cross-and-fulmer-u11-youth,England,214.0
Matlock Town Juniors F.C.,211,matlock-town-juniors-fc,England,211.0
Lowestoft Town FC,209,lowestoft-town-2,England,209.0
Bold City Soccer Academy,209,florida-prime-soccer,England,209.0
United SoCal - South Bay,206,united-socal-south-bay-g2010-blue,England,206.0
East Bay United Soccer Club,205,east-bay-united-soccer-club-2b774883,England,205.0
FC Tigers Vancouver Soccer Club,204,fc-tigers-vancouver-soccer-club,England,204.0
Mudgee Wolves FC,202,mudgee-gulgong-wolves-football-club-inc,England,202.0
Banksia Tigers FC,201,banksia-tigers-football-club,England,201.0
Brigg town,199,brigg-town-fc-cic,England,199.0
Enfield Borough FC,199,enfield-borough-football-club,England,199.0
FCD 10B Academy,199,statik-2010-boys,England,199.0
AZFC Select,197,azfc-select,England,197.0
Ashford Town FC,196,ashford-town,England,196.0
Premier FC,196,midlothian-premier-fc,England,196.0
Cheadle Town,195,manchester-grassroots-tournaments,England,195.0
Cookstown Youth Football Club,194,cookstown-youth-football-club,England,194.0
HORBURY TOWN FOOTBALL CLUB,194,horbury-town-football-club,England,194.0
Harlow Town FC,193,harlow-town-football-club,England,193.0
East London Athletic,190,dartford-fc-8,England,190.0
Impact United / East HS,190,mason-alba,England,190.0
BK Academy FC,187,bk-academy-futbol-club,England,187.0
Cincinnati United Premier (CUP) Black,186,cardinal-pacelli,England,186.0
Aberystwyth Town FC,186,aberystwyth-town-fc-2,England,186.0
Elite AFC,185,jj-veo,England,185.0
FC Manunited g2010 Red,185,strikers-fc-north-ie-g10-sj,England,185.0
Coalville Town U17,185,afc-andrews,England,185.0
Grimsby Town,185,grimsby-town-fe94d410,England,185.0
LAVIENA FC YOUTH,184,laviena-fc-youth,England,184.0
Chasetown Youth Development Pathway,184,chasetown-ydp-youth-development-pathway,England,184.0
Halifax County United Soccer Club,183,halifax-county-united-soccer-club,England,183.0
Gold Coast United FC,182,craig-midgley,England,182.0
Fleet Town FC,182,ftfc,England,182.0
EWD Eagles FC,182,ewd-eagles-fc,England,182.0
Bury Town FC,181,bury-town-fc-02bb1ba5,England,181.0
Daventry Town,181,daventry-town-football-club,England,181.0
Ashton Town FC,180,linkit-recruitment-limited,England,180.0
Congleton Town,179,congleton-town-football-club,England,179.0
Bedford Town FC,178,bedford-town-football-club,England,178.0
Ilkeston Town Football Club,178,ilkeston-town-football-club,England,178.0
Impact United / East HS DON'T USE,177,sessions,England,177.0
Droitwich Spa Youth FC,172,droitwich-spa-boys-and-girls-fc,England,172.0
Hertford Town U16 EJA,172,potter-bar-eja-u14,England,172.0
Blyth Town fc,171,blyth-town-football-club-2,England,171.0
FC Biel-Bienne Academy,170,fc-biel-bienne-academy,England,170.0
Mid City Lions Girls U19-Mayors Cup 2025,169,arsenalmdp,England,169.0
Exmouth Town,168,cranbrook-united-fc,England,168.0
LAFC - Golden Valley High School,168,pateadores-golden-valley-high-school,England,168.0
Horley Town FC,166,horley-town-fc,England,166.0
Cheltenham Town Women FC,166,cheltenham-town-ladies-fc,England,166.0
FC Premier,165,fc-premier-18,England,165.0
Leigh Ramblers Youth FC,165,leigh-ramblers-fc,England,165.0
Central Coast United,165,central-coast-united-soccer-club,England,165.0
Glebe North FC,165,glebe-north-fc,England,165.0
AYSO United Arizona East Valley,164,ayso-united-arizona-east-valley,England,164.0
Coldlands Colts FC,163,coldlands-colts-fc,England,163.0
Chatham Town FC,162,cliffe-woods-colts-football-club,England,162.0
Braveheart FC/Island School,161,braveheart-football-club,England,161.0
Harborough Town FC (Harborough Town Trading Ltd),160,harborough-town-fc-harborough-town-trading-ltd,England,160.0
Eastbourne Town,160,eastbourne-town-fc-3,England,160.0
Grimsby Borough FC,159,grimsby-borough-fc,England,159.0
East Bay United,157,east-bay-united-soccer-club,England,157.0
DEINZE FC YOUTH ACADEMY VZW - VZW-21-00022,157,kmsk-deinze-jeugd,England,157.0
Boroondara Eagles FC,156,boroondara-eagles-fc,England,156.0
CCFC B11 GREY,156,culver-city-football-club-boys-2011-gray,England,156.0
Cookstown High School,156,cookstown-high-school,England,156.0
ELITE FC,156,elite-football-club-fe37e39a,England,156.0
Hawks United,155,hawks-united-15b,England,155.0
Hednesford Town,155,hednesford-town-jds,England,155.0
Chester Le Street Town,154,chester-le-street-town-ladies-football-club,England,154.0
Doshisha International High School FC,154,doshisha-international-high-school-football-club,England,154.0
Coastal Premier FC,154,coastal-premier,England,154.0
MPFC Juniors,153,middle-park-football-club,England,153.0
Oak Mountain Football & AFC 12B Pre ECNL South,153,alabama-football-club-south-2012,England,153.0
AFC EAST,153,midwest-premier-futbol-club,England,153.0
Carryduff Colts FC,153,carryduff-colts-fc,England,153.0
DUFC Blue - 2012,152,ayso-united-downey-2012,England,152.0
Arlesey Town,150,arlesey-town-football-club,England,150.0
Cochrane Wolves FC,149,cochrane-wolves-fc,England,149.0
Bromley FC Youth SGR,149,bromley-fc-youth,England,149.0
London South United,148,london-south-united,England,148.0
Barnet FC Academy,148,barnet-football-club-academy,England,148.0
Fairlands Youth FC,147,fairlands-youth-football-club,England,147.0
BRS COACHING FC,147,greenfields-youth-fc,England,147.0
Harris City Academy Crystal Palace,147,harris-city-academy-crystal-palace,England,147.0
FCS Warriors,146,faith-christian-school-warriors,England,146.0
Kingborough Lions United FC,145,kingborough-lions-united-football-club,England,145.0
ATLANTIC UNITED PREMIER FC,144,atlantic-united-premier-football-club,England,144.0
Alfreton Town Tornados,143,alfreton-town-juniors-fc,England,143.0
Barry Town United Women,143,barry-town-united-ladies-fc,England,143.0
Elite FC,143,elite-fc-bcdffb53,England,143.0
Halesowen Town FC,143,alvechurch-fc-590237fc,England,143.0
Coalville Town,142,coalville-town-b9346588,England,142.0
Knaresborough Town,142,knaresborough-town-afc,England,142.0
Basildon Town Youth U17’s,142,basildon-town,England,142.0
Deal town rangers,141,deal-town-rangers,England,141.0
Chicago Empire FC South,141,chicago-empire-fc-south-3,England,141.0
Cfc White 2012,140,family-6ef561b8,England,140.0
